Country,Data Source,Beverage Types,Recorded alcohol per capita (15+) consumption (in litres of pure alcohol),Recorded alcohol per capita (15+) consumption (in litres of pure alcohol),Recorded alcohol per capita (15+) consumption (in litres of pure alcohol),Recorded alcohol per capita (15+) consumption (in litres of pure alcohol),Recorded alcohol per capita (15+) consumption (in litres of pure alcohol),Recorded alcohol per capita (15+) consumption (in litres of pure alcohol),Recorded alcohol per capita (15+) consumption (in litres of pure alcohol),Recorded alcohol per capita (15+) consumption (in litres of pure alcohol),Recorded alcohol per capita (15+) consumption (in litres of pure alcohol),Recorded alcohol per capita (15+) consumption (in litres of pure alcohol),Recorded alcohol per capita (15+) consumption (in litres of pure alcohol),Recorded alcohol per capita (15+) consumption (in litres of pure alcohol),Recorded alcohol per capita (15+) consumption (in litres of pure alcohol),Recorded alcohol per capita (15+) consumption (in litres of pure alcohol)
Afghanistan,Data source,All types,,,,0.00,0.00,0.03,0.02,0.03,0.01,0.01,0.01,0.00,0.00,0.00
Afghanistan,Data source,Beer,,,,0.00,0.00,0.01,0.01,0.01,0.00,0.00,0.00,0.00,0.00,0.00
Afghanistan,Data source,Wine,,,,0.00,0.00,0.00,0.01,0.01,0.00,0.00,0.00,0.00,0.00,0.00
Afghanistan,Data source,Spirits,,,,0.00,0.00,0.02,0.00,0.02,0.01,0.01,0.01,0.00,0.00,0.00
Afghanistan,Data source,Other alcoholic beverages,,,,0.00,0.00,0.00,0.00,0.00,0.00,0.00,0.00,0.00,0.00,0.00
Albania,Data source,All types,,,4.96,4.98,5.58,5.36,5.22,5.04,4.91,4.41,4.27,3.94,4.54,3.96
Albania,Data source,Beer,,,1.75,1.58,2.05,2.00,1.85,1.73,1.61,1.36,1.45,1.31,1.53,1.38
Albania,Data source,Wine,,,0.90,0.98,0.99,0.98,0.98,0.97,0.99,0.80,0.58,0.40,0.82,0.44
Albania,Data source,Spirits,,,2.30,2.41,2.54,2.38,2.39,2.34,2.31,2.25,2.24,2.22,2.19,2.14
Albania,Data source,Other alcoholic beverages,,,0.01,0.00,0.00,0.00,0.00,0.00,0.00,0.00,0.00,0.00,0.00,0.00
Algeria,Data source,All types,,0.32,0.28,0.11,0.09,0.31,0.35,0.43,0.80,0.57,0.60,0.63,0.40,0.38
Algeria,Data source,Beer,,0.12,0.13,0.07,0.04,0.25,0.23,0.33,0.64,0.49,0.52,0.53,0.26,0.25
Algeria,Data source,Wine,,0.09,0.09,0.04,0.05,0.05,0.03,0.04,0.09,0.08,0.09,0.10,0.13,0.13
Algeria,Data source,Spirits,,0.00,0.00,0.00,0.00,0.00,0.00,0.00,0.07,0.00,0.00,0.00,0.01,0.00
Algeria,Data source,Other alcoholic beverages,,0.11,0.05,0.00,0.00,0.00,0.00,0.00,0.00,0.00,0.00,0.00,0.00,0.00
Andorra,Data source,All types,,,,13.31,13.17,14.46,14.64,16.39,17.84,19.00,20.93,23.50,,
Andorra,Data source,Beer,,,,4.61,4.62,4.71,4.86,5.40,5.49,5.69,5.84,5.78,,
Andorra,Data source,Wine,,,,6.03,6.06,6.92,7.07,7.86,8.71,9.19,10.04,10.45,,
Andorra,Data source,Spirits,,,,2.67,2.48,2.83,2.71,3.13,3.64,4.11,5.05,7.27,,
Andorra,Data source,Other alcoholic beverages,,,,No data,No data,No data,No data,No data,No data,No data,No data,No data,,
Angola,Data source,All types,,,,6.20,5.88,5.46,4.89,5.59,4.34,3.90,3.22,3.08,3.08,2.56
Angola,Data source,Beer,,,,3.98,3.64,3.01,2.47,2.42,2.04,1.71,1.46,1.43,1.47,1.41
Angola,Data source,Wine,,,,0.85,0.87,0.98,0.99,1.75,1.01,1.04,0.93,0.76,0.69,0.40
Angola,Data source,Spirits,,,,1.08,1.08,1.26,1.00,0.98,0.88,0.74,0.49,0.46,0.44,0.38
Angola,Data source,Other alcoholic beverages,,,,0.29,0.29,0.21,0.42,0.43,0.41,0.41,0.35,0.43,0.48,0.37
Antigua and Barbuda,Data source,All types,,,8.04,8.02,8.14,8.70,8.99,9.13,8.50,7.60,7.17,7.16,7.48,7.33
Antigua and Barbuda,Data source,Beer,,,2.83,2.92,2.96,3.03,2.99,2.64,2.44,1.97,1.92,1.77,1.90,1.95
Antigua and Barbuda,Data source,Wine,,,1.42,1.31,1.37,1.41,1.80,2.34,1.70,1.40,1.23,1.36,1.39,1.14
Antigua and Barbuda,Data source,Spirits,,,3.77,3.77,3.77,4.22,4.16,4.11,4.31,4.19,3.98,3.98,4.14,4.20
Antigua and Barbuda,Data source,Other alcoholic beverages,,,0.02,0.02,0.04,0.04,0.04,0.04,0.04,0.04,0.04,0.05,0.05,0.04
Argentina,Data source,All types,,,,8.15,8.33,8.41,8.16,7.75,7.53,7.63,7.62,7.81,7.76,7.68
Argentina,Data source,Beer,,,,3.32,3.23,3.16,2.75,2.57,2.42,2.04,2.03,2.08,1.90,1.79
Argentina,Data source,Wine,,,,3.91,4.31,4.45,4.65,4.62,4.57,5.03,5.08,5.28,5.32,5.30
Argentina,Data source,Spirits,,,,0.45,0.40,0.44,0.44,0.30,0.32,0.52,0.46,0.41,0.49,0.52
Argentina,Data source,Other alcoholic beverages,,,,0.47,0.39,0.36,0.32,0.26,0.22,0.04,0.04,0.04,0.05,0.06
Armenia,Data source,All types,,,3.77,3.90,3.79,3.78,3.84,3.86,4.08,3.68,2.97,2.85,2.85,2.90
Armenia,Data source,Beer,,,0.31,0.38,0.31,0.40,0.37,0.35,0.27,0.22,0.17,0.17,0.23,0.18
Armenia,Data source,Wine,,,0.20,0.21,0.23,0.17,0.17,0.21,0.35,0.33,0.12,0.21,0.28,0.20
Armenia,Data source,Spirits,,,3.25,3.31,3.24,3.21,3.30,3.31,3.46,3.13,2.68,2.47,2.33,2.52
Armenia,Data source,Other alcoholic beverages,,,0.01,No data,No data,No data,No data,No data,No data,No data,No data,No data,No data,No data
Australia,Data source,All types,9.87,10.05,10.30,10.52,10.62,10.76,10.76,10.31,10.31,9.84,9.97,9.84,9.53,10.01
Australia,Data source,Beer,4.04,4.14,4.31,4.51,4.68,4.69,4.69,4.63,4.62,4.57,4.96,4.97,4.80,5.07
Australia,Data source,Wine,3.70,3.80,3.79,3.87,3.78,3.71,3.75,3.53,3.53,3.13,3.00,3.01,2.91,2.95
Australia,Data source,Spirits,1.29,1.26,1.34,1.30,1.32,1.19,1.17,1.16,1.21,1.20,2.01,1.86,1.81,2.07
Australia,Data source,Other alcoholic beverages,0.84,0.85,0.86,0.84,0.84,1.17,1.15,0.99,0.94,0.94,0.00,0.00,0.01,0.08
Austria,Data source,All types,,,11.90,12.10,11.70,12.00,12.50,12.50,12.20,12.10,12.40,12.00,12.40,13.20
Austria,Data source,Beer,,,6.10,6.10,6.10,6.40,6.40,6.40,6.40,6.70,6.70,6.60,6.60,6.80
Austria,Data source,Wine,,,4.10,4.30,3.90,3.90,4.40,4.40,4.10,3.80,4.10,3.90,4.30,4.30
Austria,Data source,Spirits,,,1.70,1.70,1.70,1.70,1.70,1.70,1.70,1.60,1.60,1.50,1.50,2.10
Austria,Data source,Other alcoholic beverages,,,No data,No data,No data,No data,No data,No data,No data,No data,No data,No data,No data,No data
Azerbaijan,Data source,All types,,,1.11,1.36,1.25,1.29,1.12,0.93,0.86,0.74,0.68,0.71,0.65,0.60
Azerbaijan,Data source,Beer,,,0.32,0.39,0.36,0.47,0.35,0.31,0.30,0.25,0.21,0.19,0.13,0.13
Azerbaijan,Data source,Wine,,,0.05,0.10,0.10,0.10,0.08,0.03,0.04,0.02,0.03,0.08,0.05,0.05
Azerbaijan,Data source,Spirits,,,0.74,0.86,0.78,0.71,0.69,0.59,0.52,0.48,0.43,0.43,0.47,0.42
Azerbaijan,Data source,Other alcoholic beverages,,,0.00,0.00,0.00,0.01,0.01,0.01,0.00,0.00,0.00,0.00,0.00,0.00
Bahamas,Data source,All types,,,10.53,10.34,10.31,11.09,11.67,11.93,11.26,10.82,10.82,10.84,11.51,11.23
Bahamas,Data source,Beer,,,3.56,3.52,3.40,3.87,4.07,3.99,3.99,3.85,3.63,3.63,3.67,3.97
Bahamas,Data source,Wine,,,1.58,1.51,1.62,1.72,1.95,2.19,1.55,1.31,1.59,1.48,1.85,0.96
Bahamas,Data source,Spirits,,,5.37,5.21,5.16,5.36,5.51,5.61,5.61,5.58,5.53,5.66,5.92,6.22
Bahamas,Data source,Other alcoholic beverages,,,0.02,0.11,0.12,0.14,0.15,0.14,0.11,0.08,0.07,0.07,0.07,0.07
Bahrain,Data source,All types,,,,2.86,2.85,2.75,3.62,3.66,3.40,3.49,3.16,3.63,3.59,3.62
Bahrain,Data source,Beer,,,,1.05,1.05,1.05,1.94,2.07,1.99,2.12,1.88,2.17,2.18,2.03
Bahrain,Data source,Wine,,,,0.18,0.26,0.23,0.27,0.23,0.18,0.20,0.14,0.17,0.14,0.30
Bahrain,Data source,Spirits,,,,0.00,1.55,1.47,1.42,1.35,1.22,1.16,1.14,1.29,1.26,1.29
Bahrain,Data source,Other alcoholic beverages,,,,0.00,0.00,0.00,0.00,0.00,0.00,0.00,0.00,0.00,0.00,0.01
Bangladesh,Data source,All types,,,,,0.00,0.00,0.00,0.00,0.00,0.00,0.00,0.00,0.00,0.01
Bangladesh,Data source,Beer,,,,,0.00,0.00,0.00,0.00,0.00,0.00,0.00,0.00,0.00,0.00
Bangladesh,Data source,Wine,,,,,0.00,0.00,0.00,0.00,0.00,0.00,0.00,0.00,0.00,0.00
Bangladesh,Data source,Spirits,,,,,0.00,0.00,0.00,0.00,0.00,0.00,0.00,0.00,0.00,0.00
Bangladesh,Data source,Other alcoholic beverages,,,,,0.00,0.00,0.00,0.00,0.00,0.00,0.00,0.00,0.00,0.00
Barbados,Data source,All types,,,8.76,7.63,7.63,8.18,7.71,7.70,7.50,7.21,7.02,6.96,6.78,6.91
Barbados,Data source,Beer,,,3.44,3.03,2.91,3.16,2.89,3.02,2.95,2.75,2.66,2.69,2.67,2.54
Barbados,Data source,Wine,,,0.74,0.78,0.71,0.84,0.85,0.71,0.73,0.67,0.71,0.54,0.48,0.61
Barbados,Data source,Spirits,,,4.56,3.76,3.96,4.11,3.89,3.90,3.75,3.74,3.58,3.67,3.57,3.71
Barbados,Data source,Other alcoholic beverages,,,0.02,0.06,0.05,0.08,0.09,0.06,0.06,0.06,0.06,0.06,0.06,0.06
Belarus,Data source,All types,,14.69,15.15,14.37,14.04,14.64,14.21,12.62,11.03,11.33,11.17,12.23,10.74,10.83
Belarus,Data source,Beer,,2.88,2.95,2.49,2.39,2.53,2.37,2.03,1.47,1.33,3.20,2.73,1.15,1.18
Belarus,Data source,Wine,,0.97,1.15,0.75,0.62,0.72,0.82,0.77,0.62,0.72,0.49,0.41,0.37,0.40
Belarus,Data source,Spirits,,5.84,7.72,6.70,6.80,6.91,6.05,5.23,4.22,4.06,3.80,4.75,4.75,5.21
Belarus,Data source,Other alcoholic beverages,,5.00,3.34,4.44,4.24,4.49,4.96,4.59,4.72,3.35,3.68,3.89,4.47,4.04
Belgium,Data source,All types,,9.75,9.79,10.57,10.35,10.60,10.22,10.66,10.93,10.98,10.95,11.11,10.64,10.81
Belgium,Data source,Beer,,4.61,4.71,5.19,5.08,5.04,5.31,5.68,6.13,5.99,6.18,6.13,6.12,6.19
Belgium,Data source,Wine,,3.59,3.58,3.84,3.77,3.92,4.12,4.18,4.00,4.18,4.01,4.22,3.76,3.85
Belgium,Data source,Spirits,,1.49,1.44,1.52,1.49,1.63,0.78,0.78,0.79,0.79,0.75,0.75,0.76,0.76
Belgium,Data source,Other alcoholic beverages,,0.06,0.06,0.01,0.00,0.01,0.00,0.01,0.01,0.01,0.01,0.00,0.00,0.00
Belize,Data source,All types,,,6.30,6.68,6.72,7.08,7.09,6.34,6.13,6.08,5.54,4.89,4.76,4.67
Belize,Data source,Beer,,,4.25,4.52,4.49,4.81,4.82,4.06,3.90,3.90,3.62,3.03,2.87,2.76
Belize,Data source,Wine,,,0.14,0.13,0.18,0.13,0.16,0.12,0.13,0.12,0.15,0.11,0.14,0.14
Belize,Data source,Spirits,,,1.91,2.03,2.03,2.12,2.10,2.15,2.09,2.06,1.77,1.75,1.75,1.77
Belize,Data source,Other alcoholic beverages,,,0.00,0.01,0.01,0.01,0.01,0.01,0.01,0.00,0.00,0.00,0.01,0.01
Benin,Data source,All types,,,,1.18,1.07,1.18,1.12,1.17,1.08,1.09,1.29,1.22,1.21,1.26
Benin,Data source,Beer,,,,0.64,0.59,0.59,0.52,0.50,0.49,0.51,0.67,0.70,0.63,0.52
Benin,Data source,Wine,,,,0.25,0.20,0.18,0.19,0.19,0.14,0.12,0.12,0.10,0.12,0.12
Benin,Data source,Spirits,,,,0.08,0.08,0.17,0.11,0.18,0.15,0.15,0.18,0.02,0.12,0.29
Benin,Data source,Other alcoholic beverages,,,,0.19,0.19,0.24,0.29,0.29,0.31,0.31,0.32,0.40,0.34,0.33
Bhutan,Data source,All types,,,,,,0.41,0.42,0.56,0.68,0.95,0.78,0.73,1.91,2.25
Bhutan,Data source,Beer,,,,,,0.41,0.42,0.56,0.68,0.95,0.78,0.73,1.91,2.25
Bhutan,Data source,Wine,,,,,,0.00,0.00,0.00,0.00,0.00,0.00,0.00,0.00,0.00
Bhutan,Data source,Spirits,,,,,,0.00,0.00,0.00,0.00,0.00,0.00,0.00,0.00,0.00
Bhutan,Data source,Other alcoholic beverages,,,,,,0.00,0.00,0.00,0.00,0.00,0.00,0.00,0.00,0.00
Bolivia (Plurinational State of),Data source,All types,,,3.80,3.88,3.80,3.68,3.41,3.15,2.85,2.66,2.36,2.29,2.24,2.36
Bolivia (Plurinational State of),Data source,Beer,,,2.79,2.98,2.96,2.81,2.57,2.38,2.17,2.03,1.73,1.61,1.58,1.71
Bolivia (Plurinational State of),Data source,Wine,,,0.16,0.15,0.15,0.16,0.16,0.13,0.09,0.06,0.06,0.05,0.06,0.06
Bolivia (Plurinational State of),Data source,Spirits,,,0.84,0.75,0.69,0.71,0.67,0.64,0.60,0.57,0.58,0.62,0.59,0.58
Bolivia (Plurinational State of),Data source,Other alcoholic beverages,,,0.00,0.01,0.00,0.00,0.00,0.00,0.00,0.00,0.00,0.00,0.00,0.00
Bosnia and Herzegovina,Data source,All types,,,4.42,4.31,4.49,4.87,4.84,4.60,4.41,4.70,4.59,4.29,4.23,3.96
Bosnia and Herzegovina,Data source,Beer,,,3.29,3.16,3.34,3.66,3.65,3.47,3.28,3.58,3.43,3.14,3.01,2.91
Bosnia and Herzegovina,Data source,Wine,,,0.38,0.42,0.42,0.46,0.43,0.36,0.34,0.33,0.32,0.31,0.39,0.21
Bosnia and Herzegovina,Data source,Spirits,,,0.75,0.73,0.72,0.76,0.76,0.77,0.78,0.79,0.83,0.84,0.83,0.84
Bosnia and Herzegovina,Data source,Other alcoholic beverages,,,0.00,0.00,0.00,0.00,0.00,0.00,0.00,0.00,0.00,0.00,0.00,0.00
Botswana,Data source,All types,,,,5.98,4.99,6.54,6.30,6.72,6.35,4.85,5.55,6.46,5.53,5.41
Botswana,Data source,Beer,,,,3.35,2.35,2.24,2.75,2.89,2.56,2.42,2.43,2.65,2.74,2.34
Botswana,Data source,Wine,,,,0.71,0.71,1.11,1.86,1.43,0.91,0.45,0.46,0.53,0.23,0.34
Botswana,Data source,Spirits,,,,0.69,0.69,2.14,0.50,1.09,1.01,0.00,0.82,1.22,0.36,0.54
Botswana,Data source,Other alcoholic beverages,,,,1.24,1.24,1.06,1.19,1.30,1.86,1.98,1.84,2.06,2.20,2.19
Brazil,Data source,All types,,,7.29,7.38,7.22,7.10,7.09,6.99,6.82,6.74,6.83,7.01,7.14,7.27
Brazil,Data source,Beer,,,4.39,4.40,4.14,3.83,3.73,3.55,3.36,3.23,3.18,3.32,3.35,3.34
Brazil,Data source,Wine,,,0.29,0.29,0.29,0.28,0.28,0.30,0.33,0.28,0.28,0.30,0.29,0.31
Brazil,Data source,Spirits,,,2.61,2.68,2.78,2.98,3.07,3.13,3.12,3.23,3.36,3.38,3.50,3.62
Brazil,Data source,Other alcoholic beverages,,,0.01,0.01,0.01,0.01,0.01,0.01,0.01,0.01,0.01,0.01,0.01,0.01
Brunei Darussalam,Data source,All types,,,,,0.61,0.63,0.81,0.64,0.16,0.11,0.12,0.13,0.47,0.37
Brunei Darussalam,Data source,Beer,,,,,0.55,0.57,0.73,0.48,0.09,0.08,0.09,0.09,0.20,0.19
Brunei Darussalam,Data source,Wine,,,,,0.01,0.02,0.02,0.03,0.02,0.02,0.02,0.01,0.04,0.03
Brunei Darussalam,Data source,Spirits,,,,,0.04,0.04,0.06,0.11,0.05,0.01,0.02,0.03,0.23,0.15
Brunei Darussalam,Data source,Other alcoholic beverages,,,,,0.00,0.00,0.00,0.03,0.00,0.00,0.00,0.00,0.00,0.40
Bulgaria,Data source,All types,,,9.72,10.20,10.15,10.52,10.23,9.98,10.09,10.57,10.60,10.18,10.71,9.69
Bulgaria,Data source,Beer,,,3.86,3.96,3.98,4.37,4.37,3.93,3.53,3.51,3.29,2.98,3.22,2.99
Bulgaria,Data source,Wine,,,1.35,1.67,1.67,1.61,1.25,1.36,1.67,1.79,2.50,2.34,2.73,2.05
Bulgaria,Data source,Spirits,,,4.49,4.56,4.48,4.53,4.60,4.68,4.88,5.27,4.80,4.87,4.76,4.65
Bulgaria,Data source,Other alcoholic beverages,,,0.02,0.01,0.01,0.01,0.00,0.00,0.00,0.00,0.00,0.00,0.00,0.00
Burkina Faso,Data source,All types,,,,4.39,4.34,4.30,4.37,4.52,4.70,4.38,4.41,4.41,4.24,3.39
Burkina Faso,Data source,Beer,,,,0.44,0.44,0.43,0.42,0.42,0.41,0.40,0.39,0.40,0.38,0.40
Burkina Faso,Data source,Wine,,,,0.13,0.08,0.07,0.07,0.09,0.09,0.10,0.07,0.08,0.08,0.04
Burkina Faso,Data source,Spirits,,,,0.14,0.14,0.13,0.19,0.47,0.42,0.17,0.21,0.27,0.01,0.03
Burkina Faso,Data source,Other alcoholic beverages,,,,3.68,3.68,3.66,3.67,3.53,3.78,3.71,3.74,3.66,3.77,2.92
Burundi,Data source,All types,,,,6.32,6.16,6.33,6.62,6.59,6.25,6.50,6.66,7.15,7.30,8.20
Burundi,Data source,Beer,,,,1.55,1.33,1.36,1.39,1.37,1.17,1.17,1.12,1.00,0.99,1.43
Burundi,Data source,Wine,,,,0.00,0.00,0.00,0.00,0.00,0.01,0.01,0.00,0.01,0.00,0.01
Burundi,Data source,Spirits,,,,0.00,0.00,0.00,0.01,0.01,0.00,0.00,0.00,0.00,0.00,0.00
Burundi,Data source,Other alcoholic beverages,,,,4.76,4.82,4.97,5.22,5.21,5.07,5.32,5.54,6.14,6.31,6.76
Cote d'Ivoire,Data source,All types,,,,3.99,3.92,4.02,4.20,4.22,4.44,4.46,4.45,4.32,4.27,3.90
Cote d'Ivoire,Data source,Beer,,,,0.64,0.57,0.60,0.62,0.57,0.61,0.58,0.60,0.49,0.51,0.55
Cote d'Ivoire,Data source,Wine,,,,0.12,0.12,0.13,0.14,0.20,0.23,0.33,0.33,0.34,0.29,0.26
Cote d'Ivoire,Data source,Spirits,,,,0.01,0.01,0.02,0.01,0.01,0.05,0.04,0.04,0.04,0.04,0.04
Cote d'Ivoire,Data source,Other alcoholic beverages,,,,3.21,3.21,3.28,3.44,3.43,3.55,3.51,3.48,3.46,3.43,3.05
Cabo Verde,Data source,All types,,,,3.25,4.41,4.35,5.01,4.73,4.33,4.24,4.19,3.84,3.84,3.49
Cabo Verde,Data source,Beer,,,,2.08,2.08,2.07,2.26,2.35,2.19,1.90,2.32,2.08,2.12,2.09
Cabo Verde,Data source,Wine,,,,0.72,1.87,1.99,2.04,1.93,1.99,1.83,1.42,1.49,1.26,0.95
Cabo Verde,Data source,Spirits,,,,0.45,0.45,0.30,0.70,0.45,0.14,0.51,0.44,0.26,0.46,0.45
Cabo Verde,Data source,Other alcoholic beverages,,,,0.01,0.01,0.00,0.00,0.00,0.00,0.00,0.01,0.01,0.00,0.00
Cambodia,Data source,All types,,,,,2.16,2.19,2.03,1.99,1.99,1.38,1.44,1.43,1.71,1.51
Cambodia,Data source,Beer,,,,,0.99,0.92,0.87,0.79,0.76,0.28,0.28,0.25,0.26,0.29
Cambodia,Data source,Wine,,,,,0.02,0.02,0.02,0.01,0.02,0.01,0.01,0.01,0.00,0.01
Cambodia,Data source,Spirits,,,,,1.16,1.24,1.15,1.18,1.21,1.09,1.16,1.17,1.44,1.21
Cambodia,Data source,Other alcoholic beverages,,,,,No data,No data,No data,No data,No data,No data,No data,No data,No data,No data
Cameroon,Data source,All types,,,,5.64,5.82,5.81,5.34,5.10,4.73,5.18,5.09,5.07,4.92,4.53
Cameroon,Data source,Beer,,,,2.51,2.67,2.26,2.07,2.03,2.05,2.35,2.29,2.28,2.19,1.99
Cameroon,Data source,Wine,,,,0.07,0.08,0.08,0.08,0.07,0.08,0.08,0.08,0.08,0.08,0.07
Cameroon,Data source,Spirits,,,,0.01,0.01,0.06,0.06,0.04,0.00,0.00,0.00,0.01,0.01,0.00
Cameroon,Data source,Other alcoholic beverages,,,,3.06,3.06,3.42,3.13,2.96,2.61,2.76,2.73,2.71,2.64,2.47
Canada,Data source,All types,8.00,8.10,8.00,8.20,8.20,8.20,8.10,8.00,7.70,7.80,7.80,7.70,7.70,7.70
Canada,Data source,Beer,3.90,4.00,4.00,4.20,4.20,4.20,4.20,4.20,4.10,4.20,4.20,4.20,4.20,4.30
Canada,Data source,Wine,1.90,1.90,1.90,1.80,1.80,1.80,1.70,1.60,1.50,1.50,1.50,1.40,1.40,1.30
Canada,Data source,Spirits,2.20,2.20,2.10,2.20,2.20,2.20,2.20,2.20,2.10,2.10,2.10,2.10,2.10,2.10
Canada,Data source,Other alcoholic beverages,No data,No data,No data,No data,No data,No data,No data,No data,No data,No data,No data,No data,No data,No data
Central African Republic,Data source,All types,,,,1.73,1.78,1.74,1.74,1.75,1.62,1.64,1.65,1.66,1.74,1.75
Central African Republic,Data source,Beer,,,,0.28,0.29,0.30,0.27,0.25,0.21,0.25,0.27,0.29,0.36,0.40
Central African Republic,Data source,Wine,,,,0.01,0.04,0.04,0.07,0.08,0.01,0.01,0.02,0.02,0.03,0.03
Central African Republic,Data source,Spirits,,,,0.04,0.04,0.02,0.03,0.04,0.03,0.03,0.04,0.02,0.04,0.02
Central African Republic,Data source,Other alcoholic beverages,,,,1.41,1.41,1.37,1.37,1.37,1.37,1.35,1.33,1.33,1.31,1.30
Chad,Data source,All types,,,,0.46,0.44,0.42,0.39,0.39,0.40,0.32,0.40,0.34,0.28,0.24
Chad,Data source,Beer,,,,0.31,0.29,0.28,0.25,0.22,0.13,0.12,0.12,0.11,0.10,0.10
Chad,Data source,Wine,,,,0.02,0.01,0.00,0.00,0.01,0.10,0.09,0.09,0.07,0.09,0.10
Chad,Data source,Spirits,,,,0.02,0.02,0.02,0.02,0.02,0.01,0.01,0.00,0.00,0.00,0.00
Chad,Data source,Other alcoholic beverages,,,,0.12,0.12,0.12,0.12,0.14,0.02,0.02,0.03,0.03,0.00,0.00
Chile,Data source,All types,,,,7.93,7.67,7.31,7.39,7.33,7.57,6.32,6.37,6.06,6.10,6.24
Chile,Data source,Beer,,,,2.37,2.32,2.43,2.34,2.26,2.01,1.83,1.81,1.76,1.79,1.80
Chile,Data source,Wine,,,,3.23,2.85,2.17,2.83,2.22,2.59,2.54,2.60,2.38,2.38,2.45
Chile,Data source,Spirits,,,,2.33,2.50,2.71,2.22,2.85,2.97,1.91,1.95,1.90,1.91,1.98
Chile,Data source,Other alcoholic beverages,,,,0.00,0.00,0.00,0.00,0.00,0.00,0.03,0.02,0.01,0.01,0.01
China,Data source,All types,,,,5.75,4.88,4.27,3.88,3.28,2.92,3.34,3.23,3.19,3.10,3.31
China,Data source,Beer,,,,1.60,1.53,1.55,1.48,1.34,1.20,1.41,1.28,1.23,1.17,1.17
China,Data source,Wine,,,,0.17,0.10,0.08,0.08,0.06,0.05,0.14,0.14,0.14,0.14,0.14
China,Data source,Spirits,,,,3.98,3.25,2.64,2.31,1.88,1.67,1.78,1.80,1.83,1.79,2.00
China,Data source,Other alcoholic beverages,,,,No data,No data,No data,No data,No data,No data,No data,No data,No data,No data,No data
Colombia,Data source,All types,,,4.37,4.20,4.21,4.28,4.47,4.36,4.21,4.10,4.05,4.23,4.22,4.44
Colombia,Data source,Beer,,,2.92,2.78,2.81,2.92,3.04,2.90,2.71,2.54,2.53,2.60,2.48,2.75
Colombia,Data source,Wine,,,0.05,0.05,0.04,0.04,0.04,0.04,0.03,0.03,0.03,0.03,0.02,0.03
Colombia,Data source,Spirits,,,1.40,1.37,1.34,1.30,1.38,1.41,1.44,1.51,1.46,1.56,1.68,1.62
Colombia,Data source,Other alcoholic beverages,,,,0.01,0.01,0.01,0.01,0.01,0.01,0.02,0.02,0.03,0.03,0.03
Comoros,Data source,All types,,,,0.11,0.15,0.10,0.12,0.19,0.24,0.27,0.26,0.12,0.10,0.08
Comoros,Data source,Beer,,,,0.03,0.03,0.03,0.04,0.10,0.15,0.13,0.11,0.02,0.02,0.02
Comoros,Data source,Wine,,,,0.03,0.04,0.02,0.03,0.02,0.03,0.06,0.05,0.06,0.04,0.03
Comoros,Data source,Spirits,,,,0.06,0.07,0.05,0.05,0.07,0.06,0.08,0.10,0.04,0.04,0.03
Comoros,Data source,Other alcoholic beverages,,,,0.00,0.00,0.00,0.00,0.00,0.00,0.00,0.00,0.00,0.00,0.00
Congo,Data source,All types,,,,1.75,1.32,2.02,1.54,1.08,1.85,2.01,2.04,2.05,2.01,1.90
Congo,Data source,Beer,,,,1.37,0.88,0.99,0.56,0.44,0.99,1.86,1.64,1.69,1.28,1.27
Congo,Data source,Wine,,,,0.17,0.14,0.20,0.14,0.14,0.12,0.06,0.13,0.13,0.28,0.21
Congo,Data source,Spirits,,,,0.19,0.02,0.06,0.06,0.04,0.06,0.03,0.12,0.11,0.45,0.42
Congo,Data source,Other alcoholic beverages,,,,0.01,0.00,0.00,0.00,0.00,0.00,0.00,0.00,0.00,0.00,0.00
Cook Islands,Data source,All types,,,,,,8.20,7.93,5.40,5.50,5.42,6.60,0.68,1.14,3.68
Cook Islands,Data source,Beer,,,,,,0.00,0.00,0.00,0.00,0.00,0.00,0.00,0.00,0.49
Cook Islands,Data source,Wine,,,,,,1.85,2.47,1.66,2.06,1.83,1.65,0.27,0.66,1.30
Cook Islands,Data source,Spirits,,,,,,6.35,5.47,3.74,3.45,3.60,4.95,0.41,0.48,1.89
Cook Islands,Data source,Other alcoholic beverages,,,,,,No data,No data,No data,No data,No data,No data,No data,No data,No data
Costa Rica,Data source,All types,,,3.80,4.34,4.33,4.45,4.25,4.19,4.14,4.13,4.04,4.17,4.29,4.38
Costa Rica,Data source,Beer,,,2.05,2.57,2.60,2.63,2.42,2.33,2.29,2.24,2.25,2.24,2.26,2.28
Costa Rica,Data source,Wine,,,0.21,0.21,0.18,0.21,0.21,0.18,0.18,0.14,0.13,0.12,0.13,0.18
Costa Rica,Data source,Spirits,,,1.54,1.54,1.53,1.59,1.61,1.67,1.66,1.73,1.64,1.79,1.88,1.90
Costa Rica,Data source,Other alcoholic beverages,,,0.00,0.02,0.02,0.02,0.02,0.02,0.02,0.02,0.01,0.02,0.01,0.02
Croatia,Data source,All types,,,10.63,10.70,10.99,10.91,11.35,10.64,10.46,11.71,12.30,13.20,13.06,12.69
Croatia,Data source,Beer,,,4.44,4.23,4.49,4.76,4.88,4.77,4.66,4.76,4.97,4.89,5.13,5.04
Croatia,Data source,Wine,,,4.49,4.79,4.79,4.43,4.75,4.14,4.08,5.17,5.53,6.49,6.07,5.81
Croatia,Data source,Spirits,,,1.64,1.65,1.68,1.69,1.69,1.70,1.70,1.75,1.77,1.79,1.82,1.80
Croatia,Data source,Other alcoholic beverages,,,0.06,0.03,0.03,0.03,0.03,0.03,0.03,0.03,0.03,0.03,0.04,0.04
Cuba,Data source,All types,,,4.04,4.14,4.02,4.29,4.15,4.20,4.50,4.39,4.36,4.06,3.98,4.09
Cuba,Data source,Beer,,,1.58,1.60,1.59,1.66,1.61,1.57,1.48,1.52,1.50,1.30,1.29,1.31
Cuba,Data source,Wine,,,0.06,0.09,0.08,0.07,0.07,0.05,0.05,0.05,0.05,0.04,0.03,0.26
Cuba,Data source,Spirits,,,2.40,2.44,2.35,2.56,2.48,2.58,2.96,2.82,2.82,2.72,2.66,2.52
Cuba,Data source,Other alcoholic beverages,,,0.00,0.00,0.00,0.00,0.00,No data,No data,No data,No data,No data,No data,No data
Cyprus,Data source,All types,,,8.88,8.70,8.53,9.31,8.63,8.40,8.73,9.50,9.32,8.42,8.43,7.94
Cyprus,Data source,Beer,,,3.24,3.55,3.38,3.58,3.06,3.26,3.28,3.90,3.48,3.01,3.32,3.29
Cyprus,Data source,Wine,,,2.70,2.14,2.15,2.70,2.57,2.20,2.39,2.45,2.51,1.97,1.84,1.48
Cyprus,Data source,Spirits,,,2.87,2.93,2.92,2.94,2.92,2.85,2.97,3.07,3.25,3.34,3.16,3.05
Cyprus,Data source,Other alcoholic beverages,,,0.08,0.06,0.08,0.09,0.09,0.09,0.09,0.09,0.08,0.10,0.11,0.11
Czech Republic,Data source,All types,12.47,12.82,12.67,12.69,13.23,13.25,13.43,13.03,13.19,13.24,13.01,13.47,13.36,13.22
Czech Republic,Data source,Beer,6.85,6.90,6.68,6.79,7.03,7.15,7.03,7.03,7.39,7.67,7.56,7.64,7.59,7.48
Czech Republic,Data source,Wine,2.59,2.67,2.73,2.60,2.40,2.40,2.50,2.30,2.20,1.91,1.88,1.86,1.84,1.83
Czech Republic,Data source,Spirits,3.03,3.26,3.26,3.30,3.80,3.70,3.90,3.70,3.60,3.66,3.58,3.97,3.94,3.91
Czech Republic,Data source,Other alcoholic beverages,0.00,No data,No data,No data,No data,No data,No data,No data,No data,No data,No data,No data,No data,No data
Democratic People's Republic of Korea,Data source,All types,,,,3.12,3.36,3.16,3.13,3.30,3.21,3.13,3.13,3.08,2.53,3.52
Democratic People's Republic of Korea,Data source,Beer,,,,0.16,0.15,0.14,0.18,0.21,0.20,0.19,0.21,0.20,0.20,0.23
Democratic People's Republic of Korea,Data source,Wine,,,,0.00,0.00,0.00,0.00,0.00,0.00,0.00,0.00,0.00,0.00,0.00
Democratic People's Republic of Korea,Data source,Spirits,,,,2.96,3.21,3.03,2.95,3.09,3.02,2.93,2.92,2.88,2.33,3.29
Democratic People's Republic of Korea,Data source,Other alcoholic beverages,,,,No data,No data,No data,No data,No data,No data,No data,No data,No data,No data,No data
Democratic Republic of the Congo,Data source,All types,,,,2.41,2.36,2.15,1.94,1.46,0.90,2.06,2.07,2.08,2.14,2.19
Democratic Republic of the Congo,Data source,Beer,,,,0.58,0.53,0.51,0.46,0.39,0.32,0.30,0.26,0.26,0.25,0.36
Democratic Republic of the Congo,Data source,Wine,,,,0.02,0.05,0.02,0.02,0.03,0.01,0.01,0.00,0.00,0.00,0.00
Democratic Republic of the Congo,Data source,Spirits,,,,0.05,0.05,0.05,0.05,0.05,0.05,0.04,0.04,0.03,0.03,0.03
Democratic Republic of the Congo,Data source,Other alcoholic beverages,,,,1.77,1.73,1.57,1.41,0.99,0.51,1.71,1.77,1.79,1.85,1.80
Denmark,Data source,All types,9.21,8.96,10.11,10.42,10.19,10.79,11.05,11.05,11.28,11.27,11.54,11.34,11.56,11.69
Denmark,Data source,Beer,3.40,3.45,3.68,3.92,4.17,4.55,4.79,4.93,5.06,5.10,5.47,5.48,5.57,5.76
Denmark,Data source,Wine,4.20,3.98,4.87,4.99,4.43,4.51,4.44,4.35,4.44,4.32,4.47,4.43,4.60,4.53
Denmark,Data source,Spirits,1.53,1.47,1.46,1.46,1.53,1.67,1.75,1.70,1.78,1.85,1.60,1.42,1.39,1.41
Denmark,Data source,Other alcoholic beverages,0.07,0.07,0.10,0.05,0.05,0.06,0.07,0.07,No data,No data,No data,No data,No data,No data
Djibouti,Data source,All types,,,,1.13,1.14,1.15,1.10,0.90,1.66,1.44,1.02,1.03,0.95,1.34
Djibouti,Data source,Beer,,,,0.26,0.26,0.26,0.22,0.22,0.23,0.25,0.24,0.30,0.22,0.23
Djibouti,Data source,Wine,,,,0.06,0.07,0.06,0.06,0.04,0.08,0.07,0.08,0.07,0.06,0.03
Djibouti,Data source,Spirits,,,,0.81,0.81,0.83,0.82,0.63,1.35,1.12,0.70,0.66,0.67,1.08
Djibouti,Data source,Other alcoholic beverages,,,,0.00,0.00,0.00,0.01,0.00,0.00,0.00,0.00,0.00,0.00,0.00
Dominica,Data source,All types,,,,,7.10,8.72,7.49,7.65,8.12,8.66,7.28,8.52,8.74,8.91
Dominica,Data source,Beer,,,,,0.97,0.97,0.82,0.75,0.50,0.88,0.31,0.84,1.00,0.81
Dominica,Data source,Wine,,,,,0.51,1.12,0.99,0.63,0.86,0.73,0.77,0.98,0.88,1.08
Dominica,Data source,Spirits,,,,,5.54,6.58,5.64,6.21,6.69,7.03,6.19,6.64,6.82,6.94
Dominica,Data source,Other alcoholic beverages,,,,,0.09,0.05,0.03,0.06,0.07,0.02,0.01,0.06,0.04,0.07
Dominican Republic,Data source,All types,,,5.74,6.28,6.09,6.14,6.06,6.21,5.71,5.16,6.25,6.36,6.08,6.52
Dominican Republic,Data source,Beer,,,3.07,3.42,3.18,3.02,2.87,3.31,2.69,2.02,2.60,2.66,2.38,2.62
Dominican Republic,Data source,Wine,,,0.18,0.17,0.15,0.16,0.16,0.15,0.14,0.13,0.16,0.14,0.14,0.21
Dominican Republic,Data source,Spirits,,,2.49,2.68,2.75,2.96,3.03,2.74,2.88,3.00,3.50,3.55,3.56,3.68
Dominican Republic,Data source,Other alcoholic beverages,,,0.00,0.01,0.01,0.01,0.01,0.01,0.01,0.01,0.01,0.01,0.00,0.00
Ecuador,Data source,All types,,,4.24,4.31,4.19,4.07,3.88,3.75,3.75,3.83,3.83,4.00,4.14,3.97
Ecuador,Data source,Beer,,,2.95,2.90,2.83,2.57,2.31,2.22,2.02,1.90,1.82,1.69,1.45,1.29
Ecuador,Data source,Wine,,,0.03,0.05,0.05,0.06,0.07,0.05,0.04,0.05,0.05,0.04,0.05,0.03
Ecuador,Data source,Spirits,,,1.26,1.36,1.32,1.44,1.51,1.47,1.68,1.88,1.96,2.26,2.64,2.65
Ecuador,Data source,Other alcoholic beverages,,,No data,No data,No data,No data,No data,No data,No data,No data,No data,No data,No data,No data
Egypt,Data source,All types,,,0.18,0.20,0.18,0.18,0.17,0.16,0.15,0.14,0.26,0.21,0.20,0.20
Egypt,Data source,Beer,,,0.11,0.11,0.11,0.11,0.10,0.09,0.08,0.07,0.19,0.14,0.13,0.12
Egypt,Data source,Wine,,,0.01,0.01,0.01,0.01,0.01,0.01,0.01,0.01,0.01,0.01,0.01,0.01
Egypt,Data source,Spirits,,,0.06,0.08,0.06,0.06,0.06,0.06,0.06,0.06,0.06,0.06,0.06,0.07
Egypt,Data source,Other alcoholic beverages,,,No data,No data,No data,No data,No data,No data,No data,No data,No data,No data,No data,No data
El Salvador,Data source,All types,,,2.30,2.09,2.26,2.34,2.49,2.45,2.47,2.59,2.80,2.69,2.63,2.58
El Salvador,Data source,Beer,,,0.98,0.87,0.87,0.91,0.96,0.94,0.88,1.01,1.01,1.03,1.02,1.01
El Salvador,Data source,Wine,,,0.04,0.04,0.02,0.02,0.03,0.03,0.03,0.03,0.09,0.02,0.02,0.04
El Salvador,Data source,Spirits,,,1.29,1.18,1.37,1.41,1.50,1.48,1.56,1.55,1.69,1.64,1.60,1.53
El Salvador,Data source,Other alcoholic beverages,,,No data,No data,No data,No data,No data,No data,No data,No data,No data,No data,No data,No data
Equatorial Guinea,Data source,All types,,,9.94,11.57,5.61,6.09,7.60,7.61,7.54,8.83,8.64,6.29,5.40,4.21
Equatorial Guinea,Data source,Beer,,,6.35,7.73,1.62,1.60,3.83,3.60,3.46,3.60,3.72,1.59,1.23,0.44
Equatorial Guinea,Data source,Wine,,,3.59,3.84,3.99,4.49,3.77,4.01,4.08,5.23,4.92,4.70,4.17,3.77
Equatorial Guinea,Data source,Spirits,,,0.00,0.00,0.00,0.00,0.00,0.00,0.00,0.00,0.00,0.00,0.00,0.00
Equatorial Guinea,Data source,Other alcoholic beverages,,,0.00,0.00,0.00,No data,No data,No data,No data,No data,No data,No data,No data,No data
Eritrea,Data source,All types,,,,0.58,0.43,0.36,0.78,0.87,1.11,0.67,0.73,1.01,0.80,1.12
Eritrea,Data source,Beer,,,,0.43,0.27,0.01,0.40,0.54,0.66,0.56,0.57,0.60,0.64,0.77
Eritrea,Data source,Wine,,,,0.00,0.00,0.00,0.00,0.00,0.00,0.00,0.00,0.00,0.00,0.00
Eritrea,Data source,Spirits,,,,0.00,0.00,0.00,0.00,0.00,0.02,0.02,0.02,0.02,0.03,0.01
Eritrea,Data source,Other alcoholic beverages,,,,0.15,0.15,0.35,0.38,0.33,0.44,0.09,0.14,0.38,0.13,0.34
Estonia,Data source,All types,,,,14.97,15.04,16.99,17.87,16.58,15.52,15.07,11.64,11.48,,
Estonia,Data source,Beer,,,,5.87,5.68,6.02,6.50,6.48,6.04,5.35,4.75,4.99,,
Estonia,Data source,Wine,,,,1.65,1.41,1.54,1.44,1.50,1.47,1.15,0.82,0.80,,
Estonia,Data source,Spirits,,,,5.64,6.19,7.30,7.87,6.62,6.13,6.18,4.81,4.37,,
Estonia,Data source,Other alcoholic beverages,,,,1.81,1.76,2.13,2.06,1.98,1.88,2.39,1.26,1.32,,
Ethiopia,Data source,All types,,,,0.69,0.65,0.66,0.65,1.12,0.99,0.98,0.83,0.84,0.83,0.82
Ethiopia,Data source,Beer,,,,0.34,0.28,0.32,0.34,0.68,0.62,0.63,0.52,0.53,0.51,0.48
Ethiopia,Data source,Wine,,,,0.00,0.01,0.00,0.01,0.01,0.01,0.01,0.01,0.01,0.01,0.01
Ethiopia,Data source,Spirits,,,,0.06,0.05,0.06,0.07,0.12,0.11,0.12,0.09,0.09,0.08,0.09
Ethiopia,Data source,Other alcoholic beverages,,,,0.29,0.32,0.28,0.24,0.31,0.25,0.22,0.21,0.21,0.23,0.24
Fiji,Data source,All types,,,,2.06,2.05,2.02,2.16,2.12,2.06,1.66,1.79,1.86,1.93,2.05
Fiji,Data source,Beer,,,,1.40,1.39,1.40,1.41,1.41,1.46,1.47,1.50,1.69,1.67,1.76
Fiji,Data source,Wine,,,,0.02,0.02,0.02,0.02,0.02,0.02,0.02,0.01,0.02,0.11,0.08
Fiji,Data source,Spirits,,,,0.64,0.64,0.60,0.73,0.69,0.58,0.16,0.28,0.16,0.16,0.21
Fiji,Data source,Other alcoholic beverages,,,,0.00,0.00,0.00,0.00,0.00,0.00,0.00,0.00,0.00,0.00,0.00
Finland,Data source,All types,8.97,9.24,9.81,9.72,9.96,10.26,10.45,10.15,9.95,9.89,9.31,9.25,8.94,8.59
Finland,Data source,Beer,4.28,4.27,4.61,4.47,4.54,4.62,4.70,4.57,4.59,4.57,4.37,4.43,4.37,4.27
Finland,Data source,Wine,1.71,1.70,1.74,1.70,1.68,1.67,1.64,1.55,1.47,1.42,1.43,1.31,1.19,1.07
Finland,Data source,Spirits,2.03,2.16,2.25,2.33,2.49,2.69,2.86,2.86,2.82,2.79,2.38,2.37,2.32,2.22
Finland,Data source,Other alcoholic beverages,0.95,1.11,1.21,1.22,1.25,1.28,1.25,1.17,1.08,1.11,1.13,1.14,1.06,1.04
France,Data source,All types,11.40,11.80,12.00,11.90,11.80,11.90,12.20,12.40,12.20,13.18,13.49,13.78,13.89,13.63
France,Data source,Beer,1.70,2.10,2.10,2.10,2.20,2.20,2.30,2.40,2.30,2.24,2.29,2.25,2.15,2.08
France,Data source,Wine,6.90,7.00,7.10,7.00,6.70,6.70,7.00,7.10,7.10,8.10,8.36,8.59,8.40,8.59
France,Data source,Spirits,2.50,2.50,2.60,2.60,2.70,2.80,2.70,2.70,2.60,2.67,2.65,2.74,2.77,2.71
France,Data source,Other alcoholic beverages,0.30,0.20,0.20,0.20,0.20,0.20,0.20,0.20,0.20,0.17,0.19,0.20,0.56,0.25
Gabon,Data source,All types,,,,9.01,8.91,8.85,9.11,8.29,6.18,7.63,6.46,8.31,9.27,8.90
Gabon,Data source,Beer,,,,6.15,6.25,6.38,5.91,5.62,5.38,4.90,4.89,5.39,6.08,5.91
Gabon,Data source,Wine,,,,1.07,0.88,0.88,1.09,0.91,0.80,0.94,0.80,1.22,1.49,1.52
Gabon,Data source,Spirits,,,,1.78,1.78,1.59,2.11,1.76,0.00,1.78,0.77,1.70,1.69,1.47
Gabon,Data source,Other alcoholic beverages,,,,0.00,0.00,0.00,0.00,0.00,No data,No data,No data,No data,No data,No data
Gambia,Data source,All types,,,,2.44,2.45,2.28,2.16,2.39,2.22,2.46,2.42,2.04,2.21,2.15
Gambia,Data source,Beer,,,,0.14,0.14,0.14,0.19,0.19,0.19,0.21,0.19,0.16,0.16,0.17
Gambia,Data source,Wine,,,,0.02,0.02,0.03,0.05,0.03,0.04,0.04,0.04,0.05,0.02,0.00
Gambia,Data source,Spirits,,,,0.01,0.01,0.00,0.04,0.03,0.00,0.07,0.01,0.01,0.01,0.02
Gambia,Data source,Other alcoholic beverages,,,,2.28,2.28,2.10,1.87,2.14,1.98,2.14,2.19,1.82,2.03,1.96
Georgia,Data source,All types,,,,5.32,5.11,5.68,5.57,4.39,3.75,2.89,2.79,2.74,2.49,3.04
Georgia,Data source,Beer,,,,0.90,0.88,1.17,1.08,0.87,0.78,0.59,0.57,0.51,0.18,0.17
Georgia,Data source,Wine,,,,2.65,2.66,3.03,3.02,2.17,1.65,1.04,1.02,1.13,1.24,1.56
Georgia,Data source,Spirits,,,,1.76,1.56,1.48,1.48,1.35,1.31,1.26,1.20,1.10,1.07,1.31
Georgia,Data source,Other alcoholic beverages,,,,0.00,0.00,0.00,0.00,0.00,0.00,0.00,0.00,0.00,0.00,0.00
Germany,Data source,All types,10.94,11.19,11.20,11.21,11.23,11.37,11.51,11.76,11.68,11.83,11.92,12.25,12.46,12.91
Germany,Data source,Beer,5.81,5.94,5.94,6.01,6.14,6.15,6.28,6.52,6.42,6.29,6.43,6.67,6.71,7.16
Germany,Data source,Wine,3.08,3.20,3.20,3.12,3.01,3.13,3.14,3.03,3.04,3.06,3.14,3.14,3.21,3.18
Germany,Data source,Spirits,2.05,2.06,2.06,2.08,2.08,2.09,2.09,2.21,2.22,2.48,2.35,2.44,2.54,2.57
Germany,Data source,Other alcoholic beverages,No data,No data,No data,No data,No data,No data,No data,No data,No data,No data,No data,No data,No data,No data
Ghana,Data source,All types,,,,1.84,1.80,1.88,1.35,1.78,1.47,1.43,1.50,1.57,1.46,1.57
Ghana,Data source,Beer,,,,0.55,0.58,0.65,0.62,0.64,0.40,0.39,0.37,0.38,0.31,0.38
Ghana,Data source,Wine,,,,0.18,0.12,0.15,0.13,0.11,0.07,0.08,0.07,0.05,0.04,0.04
Ghana,Data source,Spirits,,,,0.05,0.05,0.10,0.08,0.06,0.03,0.04,0.04,0.18,0.15,0.12
Ghana,Data source,Other alcoholic beverages,,,,1.05,1.05,0.98,0.51,0.97,0.97,0.92,1.03,0.96,0.96,1.03
Greece,Data source,All types,,,7.35,7.88,8.32,8.83,8.99,8.78,9.24,8.92,8.74,8.07,8.62,8.52
Greece,Data source,Beer,,,1.99,2.22,2.25,2.39,2.37,2.25,2.20,2.21,2.24,2.37,2.35,2.40
Greece,Data source,Wine,,,3.81,3.73,3.73,4.01,4.15,4.03,4.52,4.18,3.90,3.14,3.78,3.69
Greece,Data source,Spirits,,,1.55,1.91,2.31,2.40,2.44,2.46,2.47,2.48,2.54,2.50,2.44,2.38
Greece,Data source,Other alcoholic beverages,,,0.00,0.03,0.03,0.04,0.04,0.04,0.04,0.04,0.05,0.05,0.05,0.05
Grenada,Data source,All types,,,9.61,12.40,12.95,13.43,13.07,12.47,11.66,10.68,10.75,10.21,9.38,8.65
Grenada,Data source,Beer,,,3.45,3.64,3.61,4.01,4.14,4.34,4.04,3.73,3.11,2.81,3.18,2.68
Grenada,Data source,Wine,,,0.37,0.53,0.50,0.51,0.48,0.33,0.42,0.29,0.42,0.33,0.38,0.74
Grenada,Data source,Spirits,,,5.79,8.21,8.80,8.87,8.41,7.77,7.17,6.63,7.19,7.04,5.80,5.21
Grenada,Data source,Other alcoholic beverages,,,0.00,0.03,0.04,0.04,0.04,0.03,0.03,0.04,0.03,0.03,0.02,0.02
Guatemala,Data source,All types,,,2.12,2.18,2.23,2.29,2.40,2.38,2.35,2.40,2.44,2.41,2.61,2.65
Guatemala,Data source,Beer,,,0.89,0.92,0.93,1.02,1.10,1.12,1.12,1.18,1.11,0.99,1.15,1.13
Guatemala,Data source,Wine,,,0.02,0.03,0.04,0.03,0.04,0.03,0.03,0.03,0.03,0.03,0.03,0.03
Guatemala,Data source,Spirits,,,1.20,1.23,1.26,1.24,1.26,1.23,1.19,1.19,1.30,1.38,1.43,1.49
Guatemala,Data source,Other alcoholic beverages,,,0.00,0.00,0.00,0.00,0.00,0.00,0.00,0.00,0.00,0.00,0.00,0.00
Guinea,Data source,All types,,,,0.20,0.20,0.22,0.17,0.14,0.21,0.35,0.19,0.21,0.18,0.18
Guinea,Data source,Beer,,,,0.16,0.17,0.18,0.14,0.11,0.17,0.17,0.17,0.17,0.15,0.16
Guinea,Data source,Wine,,,,0.03,0.02,0.03,0.02,0.01,0.02,0.02,0.02,0.04,0.02,0.01
Guinea,Data source,Spirits,,,,0.01,0.01,0.01,0.02,0.01,0.03,0.16,0.00,0.00,0.01,0.01
Guinea,Data source,Other alcoholic beverages,,,,0.00,0.00,0.00,0.00,0.00,0.00,0.00,0.00,0.00,0.00,0.00
Guinea-Bissau,Data source,All types,,,,2.28,2.57,2.69,2.99,3.19,3.15,2.62,2.20,2.52,2.57,2.84
Guinea-Bissau,Data source,Beer,,,,0.45,0.45,0.30,0.36,0.37,0.43,0.40,0.32,0.32,0.37,0.54
Guinea-Bissau,Data source,Wine,,,,0.34,0.64,0.67,0.70,0.48,0.66,0.55,0.58,0.68,0.47,0.58
Guinea-Bissau,Data source,Spirits,,,,0.51,0.51,0.52,0.49,0.50,0.53,0.53,0.54,0.55,0.60,0.60
Guinea-Bissau,Data source,Other alcoholic beverages,,,,0.98,0.98,1.20,1.45,1.83,1.55,1.14,0.76,0.97,1.13,1.12
Guyana,Data source,All types,,,6.82,7.23,7.16,6.99,6.86,6.70,6.98,7.45,7.41,7.25,6.28,6.20
Guyana,Data source,Beer,,,1.62,1.66,1.58,1.48,1.44,1.38,1.26,1.27,1.24,1.52,1.43,1.43
Guyana,Data source,Wine,,,0.03,0.02,0.02,0.02,0.08,0.01,0.01,0.01,0.02,0.02,0.01,0.00
Guyana,Data source,Spirits,,,5.18,5.54,5.56,5.48,5.34,5.31,5.70,6.16,6.15,5.71,4.83,4.77
Guyana,Data source,Other alcoholic beverages,,,0.00,0.01,0.01,0.01,0.01,0.01,0.01,0.01,0.01,0.01,0.00,0.00
Haiti,Data source,All types,,,,,5.75,5.87,6.01,6.13,5.57,6.10,6.64,6.10,6.22,4.79
Haiti,Data source,Beer,,,,,0.01,0.01,0.01,0.02,0.01,0.01,0.01,0.03,0.03,0.03
Haiti,Data source,Wine,,,,,0.01,0.01,0.02,0.01,0.01,0.01,0.01,0.02,0.02,0.01
Haiti,Data source,Spirits,,,,,5.73,5.84,5.98,6.10,5.55,6.08,6.62,6.05,6.17,4.75
Haiti,Data source,Other alcoholic beverages,,,,,0.00,0.00,0.00,0.00,0.00,0.00,0.00,0.00,0.00,0.00
Honduras,Data source,All types,,,3.05,2.92,2.97,3.20,3.23,3.28,3.27,3.05,3.08,3.12,2.77,2.63
Honduras,Data source,Beer,,,1.38,1.17,1.19,1.35,1.32,1.29,1.29,1.29,1.40,1.42,1.35,1.35
Honduras,Data source,Wine,,,0.01,0.03,0.02,0.03,0.03,0.02,0.04,0.02,0.02,0.02,0.01,0.04
Honduras,Data source,Spirits,,,1.66,1.71,1.75,1.82,1.89,1.96,1.95,1.74,1.66,1.68,1.41,1.24
Honduras,Data source,Other alcoholic beverages,,,No data,No data,No data,No data,No data,No data,No data,No data,No data,No data,No data,No data
Hungary,Data source,All types,,11.21,11.44,10.78,11.46,11.64,12.55,13.16,12.94,13.12,13.08,13.12,13.01,12.08
Hungary,Data source,Beer,,4.05,4.02,3.91,4.26,4.28,4.58,4.38,4.30,4.36,4.48,4.35,4.26,4.31
Hungary,Data source,Wine,,3.31,3.63,3.17,3.21,3.25,3.85,4.53,4.50,4.48,4.42,4.70,4.67,3.92
Hungary,Data source,Spirits,,3.84,3.79,3.70,3.99,4.11,4.12,4.25,4.14,4.29,4.18,4.07,4.08,3.85
Hungary,Data source,Other alcoholic beverages,,No data,0.00,No data,No data,No data,No data,No data,No data,No data,No data,No data,No data,No data
Iceland,Data source,All types,,,,6.32,7.01,7.68,7.53,7.20,7.05,6.79,6.61,6.61,6.37,6.17
Iceland,Data source,Beer,,,,3.91,4.36,4.73,3.95,3.78,3.67,3.49,3.35,3.29,3.12,3.03
Iceland,Data source,Wine,,,,1.34,1.34,1.45,2.04,1.97,1.95,1.91,1.79,1.67,1.52,1.38
Iceland,Data source,Spirits,,,,1.04,1.27,1.46,1.46,1.36,1.33,1.31,1.39,1.58,1.68,1.73
Iceland,Data source,Other alcoholic beverages,,,,0.03,0.03,0.04,0.08,0.09,0.10,0.08,0.08,0.07,0.05,0.03
India,Data source,All types,,,2.56,2.46,2.17,1.82,1.53,1.36,1.22,1.45,1.98,1.79,1.79,1.82
India,Data source,Beer,,,0.17,0.17,0.15,0.14,0.13,0.11,0.02,0.02,0.02,0.02,0.02,0.03
India,Data source,Wine,,,0.00,0.00,0.00,0.00,0.02,0.02,0.00,0.00,0.00,0.00,0.00,0.00
India,Data source,Spirits,,,2.39,2.29,2.02,1.68,1.39,1.23,1.20,1.43,1.96,1.77,1.77,1.79
India,Data source,Other alcoholic beverages,,,0.00,0.00,0.00,0.00,0.00,0.00,0.00,0.00,0.00,0.00,0.00,0.00
Indonesia,Data source,All types,,,,0.08,0.07,0.07,0.06,0.06,0.06,0.06,0.05,0.05,0.06,0.06
Indonesia,Data source,Beer,,,,0.06,0.07,0.06,0.06,0.06,0.06,0.05,0.05,0.05,0.06,0.06
Indonesia,Data source,Wine,,,,0.00,0.00,0.00,0.00,0.00,0.00,0.00,0.00,0.00,0.00,0.00
Indonesia,Data source,Spirits,,,,0.01,0.01,0.01,0.00,0.00,0.00,0.00,0.00,0.00,0.00,0.00
Indonesia,Data source,Other alcoholic beverages,,,,0.00,0.00,0.00,0.00,0.00,0.00,0.00,0.00,0.00,0.00,0.00
Iran (Islamic Republic of),Data source,All types,,,,0.03,0.03,0.03,0.02,0.02,0.02,0.01,0.01,0.00,0.00,0.00
Iran (Islamic Republic of),Data source,Beer,,,,0.00,0.00,0.00,0.00,0.00,0.00,0.00,0.00,0.00,0.00,0.00
Iran (Islamic Republic of),Data source,Wine,,,,0.00,0.00,0.00,0.00,0.00,0.00,0.00,0.00,0.00,0.00,0.00
Iran (Islamic Republic of),Data source,Spirits,,,,0.03,0.03,0.02,0.02,0.02,0.01,0.01,0.01,0.00,0.00,0.00
Iran (Islamic Republic of),Data source,Other alcoholic beverages,,,,0.00,0.00,0.00,0.00,0.00,0.00,0.00,0.00,0.00,0.00,0.00
Iraq,Data source,All types,,,,0.20,0.19,0.17,0.14,0.03,0.18,0.31,0.07,0.15,0.15,0.17
Iraq,Data source,Beer,,,,0.15,0.15,0.13,0.11,0.00,0.14,0.29,0.06,0.14,0.15,0.17
Iraq,Data source,Wine,,,,0.00,0.00,0.00,0.00,0.00,0.00,0.00,0.00,0.00,0.00,0.00
Iraq,Data source,Spirits,,,,0.05,0.04,0.04,0.04,0.03,0.03,0.02,0.01,0.01,0.00,0.00
Iraq,Data source,Other alcoholic beverages,,,,0.00,0.00,0.00,0.00,0.00,0.00,0.00,0.00,0.00,0.00,0.00
Ireland,Data source,All types,,11.75,11.97,12.78,11.27,12.42,13.37,13.38,13.42,14.25,12.66,13.53,13.28,13.29
Ireland,Data source,Beer,,6.05,6.19,6.73,5.76,6.18,6.63,6.84,7.04,8.49,8.00,8.37,8.57,8.72
Ireland,Data source,Wine,,2.73,2.81,2.93,2.65,2.86,3.00,2.87,2.75,2.09,2.12,1.98,1.65,1.51
Ireland,Data source,Spirits,,2.14,2.11,2.19,1.99,2.45,2.68,2.57,2.55,2.38,1.83,2.30,2.22,2.22
Ireland,Data source,Other alcoholic beverages,,0.83,0.87,0.93,0.87,0.93,1.06,1.10,1.08,1.29,0.70,0.88,0.84,0.85
Israel,Data source,All types,,,2.64,2.68,2.54,2.40,2.32,2.18,2.35,2.22,2.35,2.53,2.59,2.67
Israel,Data source,Beer,,,1.19,1.18,1.07,1.03,0.97,0.78,0.86,0.75,0.87,1.02,1.17,1.26
Israel,Data source,Wine,,,0.16,0.17,0.17,0.16,0.16,0.16,0.15,0.16,0.16,0.22,0.19,0.25
Israel,Data source,Spirits,,,1.27,1.33,1.30,1.21,1.19,1.23,1.32,1.31,1.32,1.29,1.22,1.16
Israel,Data source,Other alcoholic beverages,,,0.01,0.01,0.01,0.01,0.00,0.00,0.00,0.00,0.00,0.00,0.00,0.00
Italy,Data source,All types,,,,6.10,6.40,6.84,7.19,7.26,7.41,8.32,8.59,8.59,9.12,9.26
Italy,Data source,Beer,,,,1.40,1.40,1.47,1.55,1.51,1.48,1.72,1.75,1.64,1.68,1.64
Italy,Data source,Wine,,,,4.00,4.30,4.65,4.92,4.89,5.03,6.18,6.47,6.53,6.92,7.06
Italy,Data source,Spirits,,,,0.70,0.70,0.72,0.72,0.85,0.90,0.42,0.37,0.42,0.51,0.56
Italy,Data source,Other alcoholic beverages,,,,No data,No data,No data,No data,No data,No data,No data,No data,No data,No data,No data
Jamaica,Data source,All types,,,3.40,3.43,3.23,3.42,3.55,3.54,3.52,3.59,3.39,3.67,3.79,3.56
Jamaica,Data source,Beer,,,1.32,1.44,1.39,1.63,1.66,1.57,1.51,1.56,1.55,1.75,1.82,1.65
Jamaica,Data source,Wine,,,0.13,0.17,0.14,0.14,0.18,0.15,0.11,0.14,0.09,0.12,0.12,0.10
Jamaica,Data source,Spirits,,,1.95,1.76,1.63,1.57,1.64,1.73,1.81,1.80,1.66,1.71,1.76,1.72
Jamaica,Data source,Other alcoholic beverages,,,0.00,0.06,0.07,0.08,0.08,0.09,0.08,0.09,0.08,0.09,0.09,0.10
Japan,Data source,All types,,,8.07,6.89,6.99,7.09,7.29,7.49,7.99,7.70,7.83,7.87,8.03,7.97
Japan,Data source,Beer,,,1.20,1.32,1.38,1.47,1.63,1.67,1.72,1.75,1.81,1.97,2.21,2.50
Japan,Data source,Wine,,,0.31,0.28,0.26,0.26,0.25,0.26,0.29,0.31,0.27,0.28,0.28,0.29
Japan,Data source,Spirits,,,3.74,3.58,3.54,3.35,3.41,3.37,3.37,3.42,3.34,3.14,3.05,2.94
Japan,Data source,Other alcoholic beverages,,,2.81,1.70,1.82,2.01,2.00,2.19,2.61,2.22,2.42,2.48,2.48,2.23
Jordan,Data source,All types,,,0.57,0.52,0.57,0.58,0.57,0.56,0.52,0.52,0.44,0.46,0.54,0.49
Jordan,Data source,Beer,,,0.18,0.12,0.18,0.18,0.17,0.17,0.15,0.14,0.05,0.07,0.15,0.07
Jordan,Data source,Wine,,,0.02,0.01,0.01,0.01,0.01,0.01,0.01,0.01,0.02,0.01,0.01,0.01
Jordan,Data source,Spirits,,,0.37,0.40,0.38,0.39,0.38,0.38,0.35,0.37,0.37,0.38,0.39,0.41
Jordan,Data source,Other alcoholic beverages,,,No data,No data,No data,No data,No data,No data,No data,No data,No data,No data,No data,No data
Kazakhstan,Data source,All types,,,6.41,6.58,6.32,7.43,7.26,6.90,6.68,6.34,6.27,5.86,5.61,5.85
Kazakhstan,Data source,Beer,,,1.90,2.09,1.83,2.85,2.56,2.19,1.90,1.50,1.31,1.14,0.97,0.82
Kazakhstan,Data source,Wine,,,0.28,0.20,0.20,0.19,0.25,0.27,0.32,0.30,0.38,0.30,0.18,0.35
Kazakhstan,Data source,Spirits,,,4.22,4.28,4.29,4.38,4.45,4.44,4.47,4.54,4.58,4.43,4.46,4.68
Kazakhstan,Data source,Other alcoholic beverages,,,0.01,0.00,0.00,0.00,0.00,0.00,0.00,0.00,0.00,0.00,0.00,0.00
Kenya,,Beer,,,,,,,,,,,,,,0.70
Kenya,Data source,All types,,,,1.73,1.93,1.73,1.82,1.82,1.82,1.43,1.54,1.71,1.68,1.56
Kenya,Data source,Beer,,,,0.97,1.05,1.06,0.95,0.81,0.84,0.65,0.61,0.71,0.72,0.70
Kenya,Data source,Wine,,,,0.03,0.02,0.02,0.03,0.02,0.02,0.02,0.01,0.02,0.02,0.01
Kenya,Data source,Spirits,,,,0.37,0.40,0.44,0.43,0.45,0.46,0.49,0.47,0.53,0.54,0.53
Kenya,Data source,Other alcoholic beverages,,,,0.35,0.45,0.21,0.41,0.54,0.50,0.28,0.45,0.45,0.40,0.32
Kiribati,Data source,All types,,,,,0.90,1.05,1.12,1.03,0.60,0.48,0.50,0.49,0.60,0.46
Kiribati,Data source,Beer,,,,,0.33,0.34,0.40,0.50,0.56,0.43,0.40,0.45,0.42,0.39
Kiribati,Data source,Wine,,,,,0.02,0.02,0.16,0.10,0.01,0.00,0.00,0.00,0.01,0.02
Kiribati,Data source,Spirits,,,,,0.55,0.68,0.56,0.42,0.02,0.03,0.02,0.04,0.17,0.05
Kiribati,Data source,Other alcoholic beverages,,,,,0.00,0.01,0.01,0.01,0.01,0.01,0.00,0.00,0.00,0.00
Kuwait,Data source,All types,,,,0.03,0.03,0.03,0.03,0.01,0.01,0.02,0.03,0.01,0.01,0.01
Kuwait,Data source,Beer,,,,0.02,0.02,0.02,0.01,0.00,0.00,0.00,0.02,0.00,0.00,0.00
Kuwait,Data source,Wine,,,,0.00,0.00,0.00,0.00,0.00,0.00,0.01,0.00,0.00,0.00,0.00
Kuwait,Data source,Spirits,,,,0.01,0.01,0.01,0.01,0.01,0.01,0.01,0.01,0.01,0.01,0.01
Kuwait,Data source,Other alcoholic beverages,,,,0.00,0.00,0.00,0.00,0.00,0.00,0.00,0.00,0.00,0.00,0.00
Kyrgyzstan,Data source,All types,,,,,2.38,2.42,2.67,2.41,2.74,3.30,3.49,3.38,2.73,2.16
Kyrgyzstan,Data source,Beer,,,,,0.54,0.61,0.73,0.59,0.61,0.55,0.35,0.26,0.25,0.26
Kyrgyzstan,Data source,Wine,,,,,0.10,0.09,0.10,0.10,0.09,0.11,0.13,0.15,0.18,0.11
Kyrgyzstan,Data source,Spirits,,,,,1.73,1.71,1.83,1.70,2.01,2.61,2.96,2.90,2.23,1.76
Kyrgyzstan,Data source,Other alcoholic beverages,,,,,0.01,0.01,0.01,0.02,0.02,0.02,0.04,0.06,0.07,0.04
Lao People's Democratic Republic,Data source,All types,,,,6.38,6.14,6.08,5.84,5.72,5.77,5.69,5.64,5.56,5.41,5.41
Lao People's Democratic Republic,Data source,Beer,,,,2.43,2.19,2.05,1.76,1.51,1.42,1.24,1.13,1.04,0.96,0.87
Lao People's Democratic Republic,Data source,Wine,,,,0.00,0.00,0.00,0.00,0.00,0.00,0.00,0.00,0.00,0.01,0.02
Lao People's Democratic Republic,Data source,Spirits,,,,3.95,3.95,4.02,4.07,4.22,4.35,4.45,4.51,4.52,4.44,4.52
Lao People's Democratic Republic,Data source,Other alcoholic beverages,,,,0.00,0.00,0.00,0.00,0.00,0.00,0.00,0.00,0.00,0.00,0.00
Latvia,Data source,All types,,10.21,10.18,9.75,9.85,11.84,12.12,10.40,9.92,8.81,8.24,7.44,6.68,7.13
Latvia,Data source,Beer,,4.67,4.89,4.57,4.35,4.12,4.15,4.09,3.80,3.69,2.97,2.74,2.12,1.97
Latvia,Data source,Wine,,1.16,1.13,1.04,1.03,1.13,1.18,1.06,0.94,0.95,1.78,1.50,1.38,1.60
Latvia,Data source,Spirits,,3.77,3.59,3.61,3.94,5.80,5.91,4.48,4.57,3.74,3.33,3.04,3.04,3.45
Latvia,Data source,Other alcoholic beverages,,0.60,0.56,0.52,0.53,0.79,0.88,0.78,0.60,0.43,0.16,0.16,0.14,0.11
Lebanon,Data source,All types,,,1.95,1.96,1.96,1.83,1.75,1.72,1.74,1.83,1.85,1.87,2.04,2.06
Lebanon,Data source,Beer,,,0.40,0.36,0.41,0.40,0.40,0.39,0.41,0.44,0.42,0.40,0.40,0.39
Lebanon,Data source,Wine,,,0.53,0.57,0.57,0.52,0.51,0.53,0.55,0.56,0.58,0.59,0.65,0.68
Lebanon,Data source,Spirits,,,1.02,1.02,0.98,0.90,0.83,0.79,0.77,0.82,0.84,0.87,0.99,0.99
Lebanon,Data source,Other alcoholic beverages,,,0.00,0.01,0.01,0.01,0.00,0.00,0.01,0.01,0.01,0.01,0.01,0.00
Lesotho,Data source,All types,,,,2.92,2.75,2.74,2.66,2.58,2.65,1.78,1.97,2.92,2.84,3.10
Lesotho,Data source,Beer,,,,1.50,1.33,1.35,1.28,1.21,1.24,1.29,1.35,1.45,1.55,1.54
Lesotho,Data source,Wine,,,,0.01,0.01,0.01,0.01,0.00,0.00,0.00,0.00,0.00,0.04,0.04
Lesotho,Data source,Spirits,,,,0.55,0.55,0.56,0.55,0.54,0.53,0.00,0.00,0.35,0.36,0.37
Lesotho,Data source,Other alcoholic beverages,,,,0.86,0.86,0.83,0.83,0.82,0.88,0.49,0.62,1.12,0.89,1.15
Liberia,Data source,All types,,,,3.07,3.05,3.18,3.32,3.34,3.47,3.49,3.44,3.47,3.57,3.61
Liberia,Data source,Beer,,,,0.33,0.33,0.34,0.34,0.31,0.30,0.26,0.15,0.15,0.17,0.17
Liberia,Data source,Wine,,,,0.03,0.01,0.01,0.01,0.00,0.00,0.00,0.00,0.00,0.00,0.00
Liberia,Data source,Spirits,,,,2.71,2.71,2.83,2.96,3.03,3.16,3.23,3.29,3.32,3.40,3.44
Liberia,Data source,Other alcoholic beverages,,,,0.00,0.00,0.00,0.00,0.00,0.01,0.00,0.00,0.00,0.00,0.00
Libya,Data source,All types,,,,,0.01,0.01,0.01,0.01,0.00,0.01,0.01,0.01,0.00,0.01
Libya,Data source,Beer,,,,,0.00,0.00,0.00,0.01,0.00,0.00,0.00,0.00,0.00,0.00
Libya,Data source,Wine,,,,,0.00,0.00,0.00,0.00,0.00,0.00,0.00,0.00,0.00,0.00
Libya,Data source,Spirits,,,,,0.01,0.01,0.00,0.00,0.00,0.01,0.01,0.00,0.00,0.01
Libya,Data source,Other alcoholic beverages,,,,,0.00,0.00,0.00,0.00,0.00,0.00,0.00,0.00,0.00,0.00
Lithuania,Data source,All types,14.30,14.42,12.66,12.90,12.40,13.30,13.40,12.70,12.30,12.10,11.29,11.00,10.20,9.87
Lithuania,Data source,Beer,5.27,5.58,5.43,6.00,5.40,5.40,5.60,6.00,5.80,4.62,4.58,4.66,4.00,3.78
Lithuania,Data source,Wine,1.03,1.03,1.04,1.00,0.90,0.90,0.90,1.40,1.40,2.37,2.24,2.06,1.89,2.10
Lithuania,Data source,Spirits,5.74,5.61,4.21,4.40,4.60,5.50,5.30,4.50,4.50,4.31,3.71,3.59,3.67,3.30
Lithuania,Data source,Other alcoholic beverages,2.26,2.20,1.97,1.50,1.50,1.50,1.60,0.80,0.60,0.79,0.76,0.69,0.64,0.69
Luxembourg,Data source,All types,,11.28,11.39,11.36,11.42,11.53,11.75,11.98,11.84,12.42,12.61,12.91,12.89,13.14
Luxembourg,Data source,Beer,,3.96,3.97,4.11,4.17,4.17,4.29,4.46,4.36,4.27,4.36,4.46,4.43,4.62
Luxembourg,Data source,Wine,,5.04,5.09,4.86,4.86,4.92,5.07,5.06,5.07,5.58,5.75,5.86,5.81,5.88
Luxembourg,Data source,Spirits,,2.28,2.33,2.39,2.39,2.44,2.40,2.46,2.41,2.58,2.50,2.59,2.66,2.64
Luxembourg,Data source,Other alcoholic beverages,,0.00,0.00,No data,No data,No data,No data,No data,No data,No data,No data,No data,No data,No data
Madagascar,Data source,All types,,,,0.92,0.81,0.59,0.62,0.59,0.63,0.78,0.81,0.78,1.03,1.14
Madagascar,Data source,Beer,,,,0.52,0.39,0.36,0.37,0.33,0.33,0.34,0.37,0.27,0.39,0.38
Madagascar,Data source,Wine,,,,0.09,0.10,0.10,0.10,0.10,0.07,0.11,0.11,0.11,0.12,0.12
Madagascar,Data source,Spirits,,,,0.32,0.33,0.13,0.15,0.16,0.23,0.32,0.33,0.40,0.52,0.64
Madagascar,Data source,Other alcoholic beverages,,,,0.00,0.00,0.00,0.00,0.00,0.00,0.00,0.00,0.00,0.00,0.00
Malawi,Data source,All types,,,,1.44,1.44,1.57,1.61,1.62,1.22,1.30,1.34,1.30,1.29,1.32
Malawi,Data source,Beer,,,,0.13,0.13,0.13,0.13,0.13,0.14,0.14,0.14,0.15,0.15,0.16
Malawi,Data source,Wine,,,,0.02,0.02,0.15,0.00,0.01,0.01,0.01,0.02,0.01,0.01,0.00
Malawi,Data source,Spirits,,,,0.19,0.19,0.12,0.19,0.22,0.22,0.28,0.24,0.25,0.27,0.28
Malawi,Data source,Other alcoholic beverages,,,,1.10,1.10,1.17,1.28,1.26,0.86,0.87,0.94,0.89,0.86,0.88
Malaysia,Data source,All types,,,0.51,0.48,0.45,0.47,0.43,0.43,0.46,0.49,0.49,0.49,0.53,0.55
Malaysia,Data source,Beer,,,0.37,0.37,0.34,0.37,0.33,0.34,0.38,0.41,0.41,0.41,0.41,0.45
Malaysia,Data source,Wine,,,0.01,0.01,0.01,0.01,0.01,0.00,0.01,0.01,0.00,0.00,0.04,0.02
Malaysia,Data source,Spirits,,,0.12,0.11,0.10,0.10,0.09,0.08,0.08,0.08,0.08,0.08,0.08,0.08
Malaysia,Data source,Other alcoholic beverages,,,0.00,0.00,0.00,0.00,0.00,0.00,0.00,0.00,0.00,0.00,0.00,0.00
Maldives,Data source,All types,,,,,1.49,1.55,1.49,1.25,1.02,1.31,1.48,1.37,1.36,1.52
Maldives,Data source,Beer,,,,,0.44,0.47,0.50,0.47,0.33,0.48,0.42,0.38,0.39,0.45
Maldives,Data source,Wine,,,,,0.42,0.46,0.44,0.35,0.27,0.33,0.32,0.18,0.14,0.04
Maldives,Data source,Spirits,,,,,0.63,0.61,0.55,0.51,0.41,0.47,0.73,0.81,0.79,1.03
Maldives,Data source,Other alcoholic beverages,,,,,0.01,0.01,0.01,0.01,0.01,0.00,0.00,0.00,0.00,0.00
Mali,Data source,All types,,,,0.62,0.62,0.60,0.58,0.56,0.53,0.54,0.53,0.56,0.58,0.53
Mali,Data source,Beer,,,,0.08,0.08,0.08,0.07,0.07,0.07,0.07,0.07,0.07,0.07,0.07
Mali,Data source,Wine,,,,0.01,0.00,0.00,0.00,0.00,0.00,0.00,0.01,0.05,0.02,0.01
Mali,Data source,Spirits,,,,0.01,0.01,0.02,0.01,0.01,0.01,0.01,0.01,0.01,0.01,0.00
Mali,Data source,Other alcoholic beverages,,,,0.52,0.52,0.50,0.49,0.48,0.45,0.46,0.44,0.43,0.47,0.45
Malta,Data source,All types,,,7.76,7.62,7.24,7.76,7.60,6.73,6.26,6.34,6.32,5.89,5.76,5.77
Malta,Data source,Beer,,,3.42,3.00,2.80,2.75,2.45,2.22,1.76,1.92,1.90,2.71,2.82,2.94
Malta,Data source,Wine,,,2.13,2.49,2.50,3.06,3.12,2.50,2.53,2.56,2.59,1.32,1.15,0.96
Malta,Data source,Spirits,,,2.13,2.08,1.89,1.90,1.98,1.96,1.92,1.83,1.79,1.82,1.78,1.85
Malta,Data source,Other alcoholic beverages,,,0.08,0.05,0.04,0.05,0.05,0.05,0.05,0.04,0.04,0.04,0.02,0.02
Marshall Islands,,All types,,,,No data,No data,No data,No data,No data,No data,No data,No data,No data,No data,
Marshall Islands,,Beer,,,,No data,No data,No data,No data,No data,No data,No data,No data,No data,No data,No data
Marshall Islands,,Wine,,,,No data,No data,No data,No data,No data,No data,No data,No data,No data,No data,No data
Marshall Islands,,Spirits,,,,No data,No data,No data,No data,No data,No data,No data,No data,No data,No data,No data
Marshall Islands,,Other alcoholic beverages,,,,,No data,No data,No data,No data,No data,No data,No data,No data,No data,No data
Marshall Islands,Data source,All types,,,,No data,No data,No data,No data,No data,No data,No data,No data,No data,No data,No data
Marshall Islands,Data source,Beer,,,,No data,No data,No data,No data,No data,No data,No data,No data,No data,No data,No data
Marshall Islands,Data source,Wine,,,,No data,No data,No data,No data,No data,No data,No data,No data,No data,No data,No data
Marshall Islands,Data source,Spirits,,,,No data,No data,No data,No data,No data,No data,No data,No data,No data,No data,No data
Marshall Islands,Data source,Other alcoholic beverages,,,,No data,No data,No data,No data,No data,No data,No data,No data,No data,No data,No data
Mauritania,Data source,All types,,,,,0.00,0.02,0.02,0.01,0.01,0.01,0.01,0.02,0.01,0.03
Mauritania,Data source,Beer,,,,,0.00,0.00,0.00,0.00,0.00,0.00,0.00,0.00,0.00,0.00
Mauritania,Data source,Wine,,,,,0.00,0.00,0.00,0.00,0.00,0.00,0.00,0.00,0.00,0.01
Mauritania,Data source,Spirits,,,,,0.00,0.02,0.02,0.01,0.01,0.01,0.00,0.01,0.01,0.02
Mauritania,Data source,Other alcoholic beverages,,,,,0.00,0.00,0.00,0.00,0.00,0.00,0.00,0.00,0.00,0.00
Mauritius,Data source,All types,,,,2.64,2.79,2.46,2.75,2.60,2.80,2.80,2.72,2.78,2.79,3.24
Mauritius,Data source,Beer,,,,1.75,1.95,1.55,1.74,1.77,1.92,1.95,1.98,1.91,2.14,2.21
Mauritius,Data source,Wine,,,,0.32,0.27,0.36,0.32,0.30,0.32,0.30,0.28,0.42,0.26,0.29
Mauritius,Data source,Spirits,,,,0.56,0.56,0.55,0.68,0.52,0.56,0.55,0.47,0.45,0.39,0.74
Mauritius,Data source,Other alcoholic beverages,,,,0.00,0.00,0.01,0.00,0.00,0.00,0.00,0.00,0.00,0.00,0.00
Mexico,Data source,All types,,,5.36,5.37,5.45,5.54,5.53,5.32,5.14,5.07,4.99,4.90,4.99,5.12
Mexico,Data source,Beer,,,4.07,4.07,4.19,4.25,4.25,4.09,3.96,3.85,3.81,3.71,3.75,3.77
Mexico,Data source,Wine,,,0.07,0.08,0.08,0.09,0.09,0.08,0.08,0.07,0.07,0.07,0.06,0.06
Mexico,Data source,Spirits,,,1.20,1.19,1.15,1.18,1.16,1.12,1.07,1.12,1.09,1.10,1.15,1.26
Mexico,Data source,Other alcoholic beverages,,,0.02,0.03,0.03,0.03,0.03,0.03,0.03,0.03,0.03,0.03,0.03,0.03
Micronesia (Federated States of),,Beer,,,,,,,,,,,,,,2.14
Micronesia (Federated States of),Data source,All types,,,,1.68,2.11,3.11,2.51,2.25,2.98,3.33,3.38,3.01,2.92,2.34
Micronesia (Federated States of),Data source,Beer,,,,0.79,1.09,0.96,0.68,0.67,1.43,1.64,2.98,2.64,2.72,2.14
Micronesia (Federated States of),Data source,Wine,,,,0.24,0.23,1.44,1.09,0.68,1.31,1.55,0.34,0.30,0.13,0.12
Micronesia (Federated States of),Data source,Spirits,,,,0.65,0.79,0.71,0.73,0.90,0.24,0.14,0.06,0.07,0.07,0.07
Micronesia (Federated States of),Data source,Other alcoholic beverages,,,,0.00,0.00,0.00,0.00,0.00,0.00,0.00,0.00,0.00,0.00,0.00
Monaco,,All types,,,,No data,No data,No data,No data,No data,No data,No data,No data,No data,No data,
Monaco,,Beer,,,,No data,No data,No data,No data,No data,No data,No data,No data,No data,No data,No data
Monaco,,Wine,,,,No data,No data,No data,No data,No data,No data,No data,No data,No data,No data,No data
Monaco,,Spirits,,,,No data,No data,No data,No data,No data,No data,No data,No data,No data,No data,No data
Monaco,,Other alcoholic beverages,,,,,No data,No data,No data,No data,No data,No data,No data,No data,No data,No data
Monaco,Data source,All types,,,,,,,,,,,,,,No data
Monaco,Data source,Other alcoholic beverages,,,,No data,,,,,,,,,,
Mongolia,Data source,All types,,,,5.80,4.61,4.26,3.79,2.91,2.75,2.01,1.56,2.70,2.86,2.79
Mongolia,Data source,Beer,,,,1.60,1.10,0.90,0.90,0.50,0.30,0.53,0.13,0.51,0.52,0.61
Mongolia,Data source,Wine,,,,0.16,0.11,0.22,0.28,0.15,0.05,0.71,0.70,0.76,0.05,0.08
Mongolia,Data source,Spirits,,,,4.04,3.40,3.14,2.61,2.26,2.40,0.51,0.47,1.15,2.29,2.10
Mongolia,Data source,Other alcoholic beverages,,,,0.00,0.00,0.00,0.00,0.00,0.00,0.26,0.25,0.27,0.00,0.00
Montenegro,,All types,,,,,,,,,No data,,,,,
Montenegro,,Beer,,,,,,,,,No data,,,,,
Montenegro,,Wine,,,,,,,,,No data,,,,,
Montenegro,,Spirits,,,,,,,,,No data,,,,,
Montenegro,,Other alcoholic beverages,,,,,,,,,No data,,,,,
Montenegro,Data source,All types,,,,6.59,6.58,6.28,5.06,5.34,No data,,,,,
Montenegro,Data source,Beer,,,,0.72,0.72,0.73,0.49,0.02,,,,,,
Montenegro,Data source,Wine,,,,3.09,3.10,2.82,1.90,2.74,,,,,,
Montenegro,Data source,Spirits,,,,2.75,2.73,2.71,2.64,2.56,,,,,,
Montenegro,Data source,Other alcoholic beverages,,,,0.03,0.03,0.02,0.03,0.02,,,,,,
Morocco,Data source,All types,,,0.45,0.45,0.50,0.50,0.49,0.48,0.46,0.47,0.47,0.46,0.46,0.44
Morocco,Data source,Beer,,,0.18,0.20,0.22,0.24,0.22,0.22,0.23,0.22,0.22,0.24,0.23,0.21
Morocco,Data source,Wine,,,0.18,0.17,0.17,0.17,0.19,0.19,0.17,0.19,0.20,0.18,0.18,0.19
Morocco,Data source,Spirits,,,0.09,0.09,0.10,0.10,0.08,0.07,0.06,0.06,0.05,0.05,0.05,0.04
Morocco,Data source,Other alcoholic beverages,,,No data,No data,No data,No data,No data,No data,No data,No data,No data,No data,No data,No data
Mozambique,Data source,All types,,,,1.01,1.23,1.53,1.06,1.28,1.24,1.54,1.68,2.16,2.09,1.14
Mozambique,Data source,Beer,,,,0.64,0.59,0.60,0.56,0.51,0.52,0.49,0.45,0.43,0.50,0.52
Mozambique,Data source,Wine,,,,0.07,0.11,0.11,0.09,0.09,0.09,0.08,0.06,0.09,0.07,0.07
Mozambique,Data source,Spirits,,,,0.26,0.49,0.78,0.38,0.65,0.60,0.91,1.11,1.57,1.47,0.52
Mozambique,Data source,Other alcoholic beverages,,,,0.04,0.04,0.04,0.03,0.04,0.03,0.06,0.06,0.07,0.05,0.03
Myanmar,Data source,All types,,,,0.14,0.14,0.13,0.14,0.14,0.14,0.15,0.14,0.14,0.12,0.12
Myanmar,Data source,Beer,,,,0.12,0.12,0.11,0.12,0.12,0.13,0.13,0.13,0.12,0.11,0.10
Myanmar,Data source,Wine,,,,0.01,0.00,0.00,0.00,0.00,0.00,0.00,0.00,0.00,0.00,0.00
Myanmar,Data source,Spirits,,,,0.02,0.02,0.02,0.02,0.02,0.01,0.01,0.01,0.01,0.01,0.01
Myanmar,Data source,Other alcoholic beverages,,,,0.00,0.00,0.00,0.00,0.00,0.00,0.00,0.00,0.00,0.00,0.00
Namibia,Data source,All types,,,,,7.21,6.40,7.60,6.71,4.31,5.66,5.46,3.37,1.82,2.20
Namibia,Data source,Beer,,,,,6.98,6.18,6.17,5.26,2.52,3.61,2.91,2.10,0.39,0.19
Namibia,Data source,Wine,,,,,0.02,0.03,0.41,0.42,0.49,0.46,1.12,0.28,0.53,0.94
Namibia,Data source,Spirits,,,,,0.06,0.04,0.77,0.78,0.97,1.33,1.17,0.77,0.71,0.83
Namibia,Data source,Other alcoholic beverages,,,,,0.15,0.15,0.25,0.24,0.32,0.27,0.26,0.21,0.19,0.23
Nauru,Data source,All types,,,,1.10,0.97,0.95,0.98,0.97,0.96,1.04,0.87,1.01,2.14,3.21
Nauru,Data source,Beer,,,,0.94,0.94,0.94,0.94,0.94,0.95,0.95,0.79,0.91,2.00,3.21
Nauru,Data source,Wine,,,,0.16,0.02,0.01,0.04,0.03,0.02,0.09,0.07,0.11,0.14,0.00
Nauru,Data source,Spirits,,,,0.00,0.00,0.00,0.00,0.00,0.00,0.00,0.00,0.00,0.00,0.00
Nauru,Data source,Other alcoholic beverages,,,,0.00,0.00,0.00,0.00,0.00,0.00,0.00,0.00,0.00,0.00,0.00
Nepal,Data source,All types,,,,0.22,0.20,0.19,0.19,0.18,0.20,0.21,0.19,0.19,0.09,0.08
Nepal,Data source,Beer,,,,0.10,0.09,0.08,0.07,0.07,0.07,0.08,0.08,0.08,0.08,0.07
Nepal,Data source,Wine,,,,0.00,0.00,0.00,0.00,0.00,0.00,0.00,0.00,0.00,0.00,0.00
Nepal,Data source,Spirits,,,,0.11,0.11,0.11,0.11,0.11,0.13,0.13,0.11,0.11,0.01,0.01
Nepal,Data source,Other alcoholic beverages,,,,0.00,0.00,0.00,0.00,0.00,0.00,0.00,0.00,0.00,0.00,0.00
Netherlands,Data source,All types,,,8.90,9.34,9.24,9.62,9.52,9.79,9.73,9.56,9.56,9.68,9.95,10.06
Netherlands,Data source,Beer,,,4.31,4.36,4.38,4.75,4.76,4.77,4.80,4.80,4.81,4.83,4.87,4.99
Netherlands,Data source,Wine,,,3.12,3.39,3.28,3.29,3.17,3.43,3.33,3.10,2.94,2.84,2.98,3.01
Netherlands,Data source,Spirits,,,1.48,1.58,1.58,1.58,1.59,1.59,1.60,1.66,1.81,2.01,2.10,2.06
Netherlands,Data source,Other alcoholic beverages,,,No data,No data,No data,No data,No data,No data,No data,No data,No data,No data,No data,No data
New Zealand,Data source,All types,8.90,8.90,9.16,9.78,9.37,9.60,9.29,9.33,9.31,8.64,8.73,8.81,8.63,9.11
New Zealand,Data source,Beer,3.36,3.29,3.54,3.74,3.84,4.08,3.99,3.94,4.09,4.94,5.02,5.12,5.07,5.13
New Zealand,Data source,Wine,2.95,2.92,2.92,3.28,3.08,3.07,3.03,3.14,3.04,2.52,2.49,2.48,2.30,2.65
New Zealand,Data source,Spirits,1.48,1.48,1.48,1.55,1.30,1.32,1.18,1.34,1.37,1.09,1.10,1.07,1.11,1.16
New Zealand,Data source,Other alcoholic beverages,1.12,1.22,1.22,1.22,1.15,1.13,1.09,0.91,0.81,0.09,0.11,0.13,0.14,0.16
Nicaragua,Data source,All types,,,3.35,3.42,3.40,3.67,3.83,3.69,3.70,3.81,3.76,3.49,3.50,3.60
Nicaragua,Data source,Beer,,,1.31,1.33,1.32,1.38,1.30,1.18,1.13,1.08,1.08,1.03,1.04,1.04
Nicaragua,Data source,Wine,,,0.02,0.02,0.01,0.02,0.02,0.01,0.01,0.01,0.02,0.01,0.01,0.02
Nicaragua,Data source,Spirits,,,2.02,2.08,2.07,2.27,2.50,2.50,2.55,2.71,2.67,2.44,2.45,2.54
Nicaragua,Data source,Other alcoholic beverages,,,0.00,0.00,0.00,0.00,0.00,0.00,0.00,0.00,0.00,0.00,0.00,0.00
Niger,Data source,All types,,,,0.10,0.10,0.11,0.10,0.10,0.09,0.10,0.09,0.06,0.12,0.08
Niger,Data source,Beer,,,,0.05,0.05,0.05,0.05,0.05,0.05,0.05,0.05,0.05,0.06,0.06
Niger,Data source,Wine,,,,0.01,0.01,0.01,0.01,0.01,0.01,0.01,0.01,0.01,0.01,0.01
Niger,Data source,Spirits,,,,0.04,0.04,0.04,0.04,0.04,0.03,0.04,0.03,0.00,0.05,0.01
Niger,Data source,Other alcoholic beverages,,,,0.00,0.00,0.00,0.00,0.00,0.00,0.00,0.00,0.00,0.00,0.00
Nigeria,Data source,All types,,,,8.90,9.04,9.20,9.46,9.64,9.73,9.79,9.80,9.61,9.73,9.98
Nigeria,Data source,Beer,,,,0.71,0.68,0.65,0.64,0.59,0.54,0.52,0.53,0.46,0.44,0.40
Nigeria,Data source,Wine,,,,0.03,0.00,0.00,0.00,0.00,0.00,0.00,0.00,0.00,0.00,0.00
Nigeria,Data source,Spirits,,,,0.08,0.03,0.03,0.06,0.02,0.02,0.01,0.02,0.00,0.02,0.00
Nigeria,Data source,Other alcoholic beverages,,,,8.07,8.34,8.52,8.77,9.03,9.17,9.26,9.25,9.15,9.27,9.58
Niue,Data source,All types,,,,,,7.02,5.02,7.07,6.22,8.71,8.47,5.29,9.37,7.54
Niue,Data source,Beer,,,,,,3.30,2.10,3.74,3.15,5.04,2.28,1.32,2.15,4.19
Niue,Data source,Wine,,,,,,0.12,0.12,0.34,0.11,1.85,0.11,1.16,0.00,0.00
Niue,Data source,Spirits,,,,,,3.60,2.80,2.99,2.96,1.82,6.08,2.81,7.22,3.35
Niue,Data source,Other alcoholic beverages,,,,,,No data,No data,No data,No data,No data,No data,No data,No data,No data
Norway,Data source,All types,6.22,6.21,6.44,6.66,6.68,6.75,6.60,6.47,6.37,6.22,6.03,5.89,5.49,5.66
Norway,Data source,Beer,2.68,2.67,2.83,2.94,2.96,3.06,3.02,3.01,2.98,2.96,2.76,2.89,2.82,2.93
Norway,Data source,Wine,2.30,2.29,2.30,2.32,2.28,2.23,2.11,2.05,2.00,1.90,1.84,1.81,1.60,1.62
Norway,Data source,Spirits,1.10,1.11,1.18,1.26,1.31,1.33,1.35,1.30,1.28,1.25,1.22,1.12,1.00,1.05
Norway,Data source,Other alcoholic beverages,0.14,0.14,0.13,0.14,0.13,0.13,0.12,0.11,0.11,0.11,0.22,0.07,0.07,0.07
Oman,Data source,All types,,,0.58,0.74,0.72,0.73,0.70,0.71,0.72,0.65,0.60,0.60,0.50,0.50
Oman,Data source,Beer,,,0.24,0.41,0.41,0.41,0.37,0.35,0.31,0.26,0.26,0.32,0.25,0.27
Oman,Data source,Wine,,,0.03,0.02,0.02,0.02,0.01,0.01,0.01,0.01,0.01,0.01,0.01,0.00
Oman,Data source,Spirits,,,0.31,0.31,0.30,0.31,0.32,0.34,0.39,0.38,0.33,0.27,0.24,0.23
Oman,Data source,Other alcoholic beverages,,,0.00,0.00,0.00,0.00,0.00,0.00,0.00,0.00,0.00,0.00,0.00,0.00
Pakistan,Data source,All types,,,,0.01,0.01,0.01,0.01,0.01,0.01,0.01,0.01,0.01,0.01,0.02
Pakistan,Data source,Beer,,,,0.00,0.00,0.00,0.00,0.00,0.00,0.00,0.00,0.00,0.00,0.00
Pakistan,Data source,Wine,,,,0.00,0.00,0.00,0.00,0.00,0.00,0.00,0.00,0.00,0.00,0.00
Pakistan,Data source,Spirits,,,,0.00,0.00,0.00,0.00,0.00,0.00,0.00,0.00,0.00,0.00,0.00
Pakistan,Data source,Other alcoholic beverages,,,,0.00,0.00,0.00,0.00,0.01,0.01,0.01,0.01,0.01,0.01,0.01
Palau,Data source,All types,,,,,,,,8.86,11.30,9.01,6.98,,,
Palau,Data source,Beer,,,,,,,,6.88,8.68,7.07,4.87,,,
Palau,Data source,Wine,,,,,,,,0.52,0.52,0.41,0.27,,,
Palau,Data source,Spirits,,,,,,,,1.45,2.10,1.53,1.84,,,
Palau,Data source,Other alcoholic beverages,,,,,,,,0.00,0.00,0.00,0.00,,,
Panama,Data source,All types,,,7.11,7.25,7.23,7.07,6.47,6.02,5.79,5.89,5.74,5.78,5.65,5.75
Panama,Data source,Beer,,,5.05,5.02,4.98,4.79,4.33,3.95,3.71,3.72,3.50,3.46,3.48,3.52
Panama,Data source,Wine,,,0.24,0.33,0.31,0.30,0.29,0.27,0.22,0.23,0.19,0.23,0.17,0.13
Panama,Data source,Spirits,,,1.81,1.89,1.94,1.97,1.83,1.79,1.84,1.92,2.03,2.08,1.99,2.08
Panama,Data source,Other alcoholic beverages,,,0.01,0.02,0.01,0.01,0.01,0.01,0.01,0.01,0.01,0.01,0.01,0.02
Papua New Guinea,Data source,All types,,,,1.50,1.54,1.59,1.56,1.46,1.43,1.44,1.54,1.76,1.86,1.75
Papua New Guinea,Data source,Beer,,,,0.77,0.80,0.77,0.69,0.62,0.57,0.57,0.58,0.60,0.64,0.59
Papua New Guinea,Data source,Wine,,,,0.01,0.02,0.02,0.01,0.02,0.02,0.01,0.01,0.01,0.01,0.04
Papua New Guinea,Data source,Spirits,,,,0.72,0.72,0.80,0.86,0.83,0.85,0.87,0.95,1.15,1.21,1.12
Papua New Guinea,Data source,Other alcoholic beverages,,,,0.00,0.00,0.00,0.00,0.00,0.00,0.00,0.00,0.00,0.00,0.00
Paraguay,Data source,All types,,,,,6.93,7.69,6.98,6.82,6.22,6.10,6.56,5.66,6.71,6.88
Paraguay,Data source,Beer,,,,,3.54,3.74,3.46,3.70,3.48,3.48,3.59,3.70,4.20,3.79
Paraguay,Data source,Wine,,,,,1.26,1.71,1.31,1.18,0.97,0.82,0.84,0.43,0.61,0.92
Paraguay,Data source,Spirits,,,,,1.99,2.09,1.99,1.70,1.77,1.72,2.03,1.50,1.83,2.03
Paraguay,Data source,Other alcoholic beverages,,,,,0.14,0.15,0.22,0.25,0.00,0.08,0.10,0.03,0.07,0.14
Peru,Data source,All types,,,,,5.79,6.38,4.31,4.26,4.44,4.27,4.50,4.03,4.22,4.59
Peru,Data source,Beer,,,,,2.71,2.74,2.38,2.09,1.92,1.66,1.69,1.75,1.70,1.69
Peru,Data source,Wine,,,,,0.35,0.44,0.43,0.42,0.42,0.33,0.35,0.32,0.30,0.23
Peru,Data source,Spirits,,,,,2.73,3.20,1.51,1.74,2.10,2.27,2.46,1.95,2.21,2.67
Peru,Data source,Other alcoholic beverages,,,,,0.00,0.00,0.00,0.00,0.00,0.00,0.00,0.00,0.00,0.00
Philippines,Data source,All types,,,4.91,4.86,4.60,4.28,4.17,4.07,4.22,4.46,4.46,4.44,4.57,4.77
Philippines,Data source,Beer,,,1.28,1.31,1.28,1.26,1.19,1.14,1.29,1.36,1.21,1.11,1.13,1.19
Philippines,Data source,Wine,,,0.01,0.02,0.02,0.02,0.01,0.01,0.02,0.02,0.01,0.02,0.01,0.01
Philippines,Data source,Spirits,,,3.61,3.53,3.30,3.01,2.96,2.92,2.91,3.08,3.24,3.31,3.43,3.56
Philippines,Data source,Other alcoholic beverages,,,0.00,0.00,0.00,0.00,0.00,0.00,0.00,0.00,0.00,0.00,0.00,0.00
Poland,Data source,All types,10.67,10.08,10.11,10.00,10.70,11.40,10.90,10.40,9.50,9.19,9.06,8.02,7.74,8.40
Poland,Data source,Beer,5.68,5.77,5.49,5.28,5.90,6.10,6.10,5.90,5.30,4.66,4.51,4.31,4.08,4.14
Poland,Data source,Wine,0.81,0.82,0.89,0.97,1.00,1.20,1.30,1.30,1.20,1.53,1.64,1.64,1.56,1.78
Poland,Data source,Spirits,4.18,3.49,3.73,3.75,3.80,4.10,3.50,3.20,3.00,3.01,2.90,2.07,2.09,2.48
Poland,Data source,Other alcoholic beverages,0.00,0.00,0.00,0.00,0.00,0.00,0.00,0.00,0.00,0.00,0.00,0.00,0.00,0.00
Portugal,Data source,All types,,,10.30,10.84,10.90,11.19,11.32,11.65,12.06,12.18,12.74,11.93,12.10,12.13
Portugal,Data source,Beer,,,2.91,3.34,3.39,3.53,3.69,3.76,3.75,3.71,3.59,3.60,3.68,3.78
Portugal,Data source,Wine,,,5.92,6.02,6.02,6.07,6.01,6.24,6.62,6.68,7.30,6.42,6.53,6.43
Portugal,Data source,Spirits,,,1.11,1.18,1.18,1.25,1.28,1.31,1.36,1.47,1.52,1.55,1.56,1.59
Portugal,Data source,Other alcoholic beverages,,,0.37,0.30,0.30,0.33,0.35,0.34,0.33,0.33,0.33,0.35,0.33,0.33
Qatar,Data source,All types,,1.34,1.34,2.01,1.76,1.90,1.57,1.42,1.19,1.04,0.91,0.80,0.72,0.48
Qatar,Data source,Beer,,0.33,0.32,0.33,0.34,0.36,0.38,0.41,0.35,0.28,0.25,0.21,0.13,0.09
Qatar,Data source,Wine,,0.12,0.13,0.11,0.09,0.27,0.12,0.17,0.11,0.10,0.07,0.05,0.05,0.00
Qatar,Data source,Spirits,,0.89,0.88,1.56,1.33,1.26,1.06,0.84,0.72,0.66,0.59,0.54,0.53,0.39
Qatar,Data source,Other alcoholic beverages,,0.00,0.00,0.00,0.00,0.00,0.00,0.00,0.00,0.00,0.00,0.00,0.00,0.00
Republic of Korea,Data source,All types,,,,8.17,8.97,9.31,9.05,8.83,9.03,9.18,9.66,9.55,11.45,10.33
Republic of Korea,Data source,Beer,,,,2.04,2.37,2.43,2.34,2.22,1.89,2.00,2.32,2.41,2.37,2.23
Republic of Korea,Data source,Wine,,,,0.13,0.14,0.18,0.19,0.14,0.12,0.15,0.04,0.04,0.04,0.03
Republic of Korea,Data source,Spirits,,,,0.24,0.27,0.33,0.37,0.33,0.34,0.32,0.47,0.52,0.47,0.46
Republic of Korea,Data source,Other alcoholic beverages,,,,5.76,6.19,6.37,6.15,6.14,6.68,6.72,6.82,6.58,8.56,7.61
Republic of Moldova,Data source,All types,,,6.28,6.05,6.13,6.83,7.30,7.63,7.49,6.91,5.93,5.24,4.70,6.16
Republic of Moldova,Data source,Beer,,,2.06,1.84,1.79,2.17,2.12,1.85,1.58,1.38,1.14,0.86,0.30,0.30
Republic of Moldova,Data source,Wine,,,0.34,0.31,0.31,0.34,0.42,0.62,0.27,0.20,0.64,0.56,0.45,2.27
Republic of Moldova,Data source,Spirits,,,3.86,3.90,4.03,4.31,4.75,5.16,5.64,5.34,4.15,3.82,3.63,3.58
Republic of Moldova,Data source,Other alcoholic beverages,,,0.03,0.00,0.00,0.00,0.00,0.00,0.00,0.00,0.00,0.00,0.00,0.01
Romania,Data source,All types,,,9.10,9.00,10.40,11.90,10.60,8.51,7.68,9.82,8.78,9.62,9.78,10.16
Romania,Data source,Beer,,,4.70,4.50,4.90,5.50,5.44,4.62,4.07,4.24,3.64,3.38,3.12,3.18
Romania,Data source,Wine,,,3.00,2.60,3.10,3.50,3.30,2.99,2.33,4.29,3.33,3.92,3.16,3.47
Romania,Data source,Spirits,,,1.40,1.90,2.40,2.90,1.90,0.90,1.28,1.29,1.82,2.32,3.50,3.52
Romania,Data source,Other alcoholic beverages,,,0.00,0.00,0.00,0.00,0.00,0.00,0.00,0.00,0.00,0.00,0.00,0.00
Russian Federation,Data source,All types,,11.20,11.24,11.12,11.30,12.15,12.30,11.83,11.56,11.46,11.26,10.81,10.41,10.12
Russian Federation,Data source,Beer,,4.32,4.38,4.18,4.22,4.68,4.75,4.11,3.65,3.45,3.08,2.91,2.62,2.17
Russian Federation,Data source,Wine,,1.23,1.30,1.27,1.26,1.27,1.18,1.00,1.02,0.94,0.89,0.79,0.74,0.70
Russian Federation,Data source,Spirits,,5.64,5.56,5.67,5.82,6.19,6.37,6.72,6.88,7.06,7.28,7.11,7.05,7.25
Russian Federation,Data source,Other alcoholic beverages,,0.00,0.00,0.00,0.00,0.00,0.00,0.00,0.00,0.00,0.00,0.00,0.00,0.00
Rwanda,Data source,All types,,,,7.12,7.03,6.32,6.74,6.88,7.01,6.75,6.67,7.84,5.74,7.16
Rwanda,Data source,Beer,,,,0.79,0.70,0.57,0.65,0.63,0.54,0.46,0.45,0.59,0.55,0.61
Rwanda,Data source,Wine,,,,0.00,0.00,0.00,0.00,0.00,0.00,0.00,0.00,0.00,0.00,0.00
Rwanda,Data source,Spirits,,,,0.03,0.03,0.03,0.03,0.02,0.02,0.03,0.01,0.01,0.01,0.01
Rwanda,Data source,Other alcoholic beverages,,,,6.29,6.29,5.71,6.06,6.24,6.44,6.26,6.21,7.23,5.17,6.54
Saint Kitts and Nevis,Data source,All types,,,8.33,8.79,10.05,10.47,10.18,10.91,10.14,9.14,8.48,8.32,8.21,8.15
Saint Kitts and Nevis,Data source,Beer,,,3.77,3.87,3.84,3.84,3.84,3.91,3.84,3.32,3.19,3.24,3.35,3.40
Saint Kitts and Nevis,Data source,Wine,,,0.26,0.65,0.84,0.97,0.46,0.30,0.18,0.26,0.18,0.25,0.32,0.65
Saint Kitts and Nevis,Data source,Spirits,,,4.27,4.22,5.29,5.59,5.80,6.64,6.07,5.51,5.06,4.78,4.50,4.07
Saint Kitts and Nevis,Data source,Other alcoholic beverages,,,0.03,0.05,0.08,0.08,0.08,0.06,0.05,0.05,0.04,0.04,0.04,0.03
Saint Lucia,Data source,All types,,,10.83,11.60,11.79,12.92,13.42,14.13,12.95,12.49,12.33,11.67,11.74,11.61
Saint Lucia,Data source,Beer,,,3.29,3.45,3.42,3.64,3.99,3.93,3.66,3.46,3.21,2.96,2.97,2.94
Saint Lucia,Data source,Wine,,,1.31,1.46,1.20,1.29,1.36,1.68,0.72,0.68,0.84,0.75,1.16,1.11
Saint Lucia,Data source,Spirits,,,6.19,6.51,6.97,7.79,7.84,8.29,8.35,8.15,8.09,7.80,7.46,7.40
Saint Lucia,Data source,Other alcoholic beverages,,,0.05,0.18,0.20,0.21,0.24,0.24,0.22,0.20,0.19,0.17,0.15,0.16
Saint Vincent and the Grenadines,Data source,All types,,,6.81,6.26,6.14,6.36,5.38,5.47,5.83,5.20,5.19,5.02,4.95,4.89
Saint Vincent and the Grenadines,Data source,Beer,,,2.31,2.09,2.13,2.21,2.26,2.41,2.26,1.87,2.01,2.10,2.15,2.18
Saint Vincent and the Grenadines,Data source,Wine,,,0.16,0.19,0.18,0.20,0.20,0.20,0.12,0.07,0.07,0.09,0.07,0.08
Saint Vincent and the Grenadines,Data source,Spirits,,,4.32,3.96,3.80,3.92,2.88,2.83,3.18,3.02,2.88,2.61,2.51,2.61
Saint Vincent and the Grenadines,Data source,Other alcoholic beverages,,,0.01,0.03,0.03,0.04,0.04,0.04,0.03,0.03,0.02,0.02,0.02,0.02
Samoa,Data source,All types,,,,2.06,2.98,4.15,3.90,3.51,3.63,3.62,4.16,3.28,3.37,2.95
Samoa,Data source,Beer,,,,1.46,2.50,3.59,3.57,3.35,3.31,3.30,3.70,3.02,3.20,2.81
Samoa,Data source,Wine,,,,0.34,0.23,0.29,0.16,0.09,0.08,0.06,0.06,0.05,0.02,0.03
Samoa,Data source,Spirits,,,,0.26,0.26,0.27,0.16,0.07,0.24,0.26,0.40,0.21,0.15,0.11
Samoa,Data source,Other alcoholic beverages,,,,No data,No data,No data,No data,0.00,0.00,0.00,0.00,0.00,0.00,0.00
San Marino,,All types,,,,No data,No data,No data,No data,No data,No data,No data,No data,No data,No data,No data
San Marino,,Beer,,,,No data,No data,No data,No data,No data,No data,No data,No data,No data,No data,No data
San Marino,,Wine,,,,No data,No data,No data,No data,No data,No data,No data,No data,No data,No data,No data
San Marino,,Spirits,,,,No data,No data,No data,No data,No data,No data,No data,No data,No data,No data,No data
San Marino,,Other alcoholic beverages,,,,,No data,No data,No data,No data,No data,No data,No data,No data,No data,No data
San Marino,Data source,All types,,,,No data,No data,No data,No data,No data,No data,No data,No data,No data,No data,No data
San Marino,Data source,Beer,,,,No data,No data,No data,No data,No data,No data,No data,No data,No data,No data,No data
San Marino,Data source,Wine,,,,No data,No data,No data,No data,No data,No data,No data,No data,No data,No data,No data
San Marino,Data source,Spirits,,,,No data,No data,No data,No data,No data,No data,No data,No data,No data,No data,No data
San Marino,Data source,Other alcoholic beverages,,,,No data,No data,No data,No data,No data,No data,No data,No data,No data,No data,No data
Sao Tome and Principe,Data source,All types,,,,4.42,4.01,4.04,4.17,5.46,5.19,5.68,6.40,5.66,4.89,5.07
Sao Tome and Principe,Data source,Beer,,,,1.04,1.04,0.98,0.97,1.02,1.12,1.12,1.14,1.16,1.15,1.17
Sao Tome and Principe,Data source,Wine,,,,2.66,2.26,2.33,2.58,3.84,3.34,3.81,4.49,3.78,2.85,3.26
Sao Tome and Principe,Data source,Spirits,,,,0.72,0.72,0.73,0.61,0.60,0.74,0.75,0.77,0.72,0.89,0.64
Sao Tome and Principe,Data source,Other alcoholic beverages,,,,0.00,0.00,0.00,0.00,0.00,0.00,0.00,0.00,0.00,0.00,0.00
Saudi Arabia,Data source,All types,,,,0.09,0.09,0.09,0.10,0.08,0.05,0.06,0.05,0.05,0.05,0.05
Saudi Arabia,Data source,Beer,,,,0.00,0.00,0.00,0.00,0.00,0.00,0.00,0.00,0.00,0.00,0.00
Saudi Arabia,Data source,Wine,,,,0.00,0.00,0.00,0.01,0.00,0.00,0.00,0.00,0.00,0.00,0.00
Saudi Arabia,Data source,Spirits,,,,0.09,0.09,0.08,0.09,0.08,0.05,0.06,0.05,0.05,0.05,0.05
Saudi Arabia,Data source,Other alcoholic beverages,,,,0.00,0.00,0.00,0.00,0.00,0.00,0.00,0.00,0.00,0.00,0.00
Senegal,Data source,All types,,,,0.23,0.26,0.30,0.28,0.29,0.29,0.31,0.32,0.34,0.33,0.28
Senegal,Data source,Beer,,,,0.13,0.14,0.16,0.16,0.15,0.15,0.14,0.13,0.13,0.15,0.15
Senegal,Data source,Wine,,,,0.10,0.11,0.13,0.11,0.13,0.12,0.15,0.16,0.17,0.14,0.09
Senegal,Data source,Spirits,,,,0.01,0.01,0.01,0.01,0.01,0.01,0.02,0.03,0.04,0.04,0.04
Senegal,Data source,Other alcoholic beverages,,,,0.00,0.00,0.00,0.00,0.00,0.00,0.00,0.00,0.00,0.00,0.00
Serbia,Data source,All types,,,,9.72,9.75,9.39,9.77,10.17,9.60,7.42,7.25,6.95,7.53,7.38
Serbia,Data source,Beer,,,,5.01,4.89,4.77,5.02,5.14,4.77,3.21,3.07,2.91,3.65,3.68
Serbia,Data source,Wine,,,,2.32,2.44,2.20,2.32,2.57,2.38,1.61,1.55,1.51,1.48,1.38
Serbia,Data source,Spirits,,,,2.39,2.42,2.42,2.43,2.46,2.45,2.60,2.64,2.53,2.41,2.31
Serbia,Data source,Other alcoholic beverages,,,,0.00,0.00,0.00,0.00,0.00,0.00,0.00,0.00,0.00,0.00,0.00
Seychelles,Data source,All types,,,,4.33,4.28,5.69,6.84,6.95,7.31,6.96,6.72,7.33,6.33,7.11
Seychelles,Data source,Beer,,,,2.90,2.85,4.70,4.98,5.03,5.67,5.48,6.23,6.73,6.28,6.36
Seychelles,Data source,Wine,,,,0.96,0.96,0.78,0.85,1.07,0.37,0.00,0.00,0.00,0.00,0.00
Seychelles,Data source,Spirits,,,,0.47,0.47,0.22,1.01,0.85,1.26,1.45,0.49,0.60,0.05,0.75
Seychelles,Data source,Other alcoholic beverages,,,,0.00,0.00,0.00,0.00,0.00,0.00,0.03,0.00,0.00,0.00,0.00
Sierra Leone,Data source,All types,,,,6.74,6.77,6.66,6.64,6.48,6.54,6.75,6.88,6.88,7.10,6.68
Sierra Leone,Data source,Beer,,,,0.42,0.43,0.41,0.44,0.43,0.46,0.44,0.45,0.47,0.40,0.42
Sierra Leone,Data source,Wine,,,,0.03,0.03,0.02,0.01,0.01,0.01,0.01,0.01,0.01,0.00,0.00
Sierra Leone,Data source,Spirits,,,,0.05,0.05,0.02,0.01,0.01,0.02,0.03,0.03,0.02,0.02,0.02
Sierra Leone,Data source,Other alcoholic beverages,,,,6.25,6.25,6.22,6.18,6.03,6.06,6.27,6.39,6.38,6.67,6.24
Singapore,Data source,All types,1.88,1.92,1.81,1.99,1.85,1.81,1.69,1.63,1.55,1.49,1.45,2.17,2.08,2.03
Singapore,Data source,Beer,1.26,1.36,1.32,1.40,1.31,1.30,1.20,1.20,1.15,1.11,1.08,1.47,1.34,1.29
Singapore,Data source,Wine,0.29,0.28,0.27,0.27,0.25,0.24,0.23,0.21,0.19,0.17,0.16,0.20,0.13,0.12
Singapore,Data source,Spirits,0.30,0.25,0.19,0.29,0.26,0.23,0.23,0.20,0.19,0.18,0.18,0.49,0.61,0.61
Singapore,Data source,Other alcoholic beverages,0.03,0.03,0.03,0.03,0.03,0.03,0.03,0.03,0.03,0.03,0.04,0.00,0.00,0.00
Slovakia,Data source,All types,10.64,10.76,10.66,10.96,11.23,11.87,11.06,10.89,11.06,10.03,9.85,10.78,10.73,11.06
Slovakia,Data source,Beer,3.39,3.63,3.51,3.30,3.90,3.79,3.93,3.83,3.85,3.99,4.38,4.53,4.32,4.47
Slovakia,Data source,Wine,2.22,2.11,2.23,2.00,2.13,2.01,1.79,2.15,1.56,1.33,1.46,1.59,1.48,1.49
Slovakia,Data source,Spirits,4.44,4.56,4.45,5.06,4.61,5.57,4.88,4.31,5.41,4.23,3.65,4.29,4.56,4.85
Slovakia,Data source,Other alcoholic beverages,0.58,0.47,0.47,0.60,0.60,0.50,0.46,0.60,0.24,0.48,0.36,0.37,0.37,0.25
Slovenia,Data source,All types,,,,10.32,10.52,10.94,11.02,12.26,13.52,12.29,11.46,11.07,10.24,9.90
Slovenia,Data source,Beer,,,,4.59,5.09,5.16,5.70,5.70,4.89,4.46,4.40,4.46,3.82,3.60
Slovenia,Data source,Wine,,,,4.84,4.55,4.58,4.08,5.43,4.25,3.67,3.49,3.17,2.92,3.17
Slovenia,Data source,Spirits,,,,0.89,0.88,1.20,1.24,1.13,4.38,4.16,3.56,3.44,3.50,3.14
Slovenia,Data source,Other alcoholic beverages,,,,0.00,0.00,0.00,0.00,0.00,0.00,0.00,0.00,0.00,0.00,0.00
Solomon Islands,Data source,All types,,,,1.28,1.21,1.06,0.80,0.99,0.90,1.18,1.18,1.08,0.94,0.94
Solomon Islands,Data source,Beer,,,,1.04,0.97,1.00,0.72,0.93,0.66,0.75,0.74,0.58,0.68,0.85
Solomon Islands,Data source,Wine,,,,0.03,0.03,0.02,0.03,0.02,0.03,0.02,0.02,0.01,0.02,0.02
Solomon Islands,Data source,Spirits,,,,0.21,0.21,0.04,0.05,0.03,0.21,0.41,0.43,0.48,0.24,0.07
Solomon Islands,Data source,Other alcoholic beverages,,,,0.00,0.00,0.00,0.01,0.01,0.00,0.00,0.00,0.00,0.00,0.00
Somalia,Data source,All types,,,,0.00,0.00,0.00,0.00,0.00,0.00,0.00,0.00,0.00,0.00,0.00
Somalia,Data source,Beer,,,,0.00,0.00,0.00,0.00,0.00,0.00,0.00,0.00,0.00,0.00,0.00
Somalia,Data source,Wine,,,,0.00,0.00,0.00,0.00,0.00,0.00,0.00,0.00,0.00,0.00,0.00
Somalia,Data source,Spirits,,,,0.00,0.00,0.00,0.00,0.00,0.00,0.00,0.00,0.00,0.00,0.00
Somalia,Data source,Other alcoholic beverages,,,,0.00,0.00,0.00,0.00,0.00,0.00,0.00,0.00,0.00,0.00,0.00
South Africa,Data source,All types,,8.09,8.00,7.77,8.06,8.63,8.85,8.79,8.91,6.96,6.93,7.04,7.38,7.69
South Africa,Data source,Beer,,4.16,4.20,3.74,3.97,4.17,4.15,3.98,4.04,3.87,3.78,3.72,3.73,3.87
South Africa,Data source,Wine,,1.08,1.08,1.38,1.36,1.45,1.47,1.43,1.44,1.22,1.27,1.46,1.61,1.50
South Africa,Data source,Spirits,,1.31,1.29,1.29,1.30,1.36,1.41,1.38,1.36,1.11,1.11,1.10,1.16,1.14
South Africa,Data source,Other alcoholic beverages,,1.54,1.43,1.35,1.44,1.65,1.83,2.00,2.08,0.76,0.76,0.76,0.88,1.18
Spain,Data source,All types,,,,9.79,9.99,10.24,11.05,11.86,11.92,10.44,10.24,9.87,11.09,11.12
Spain,Data source,Beer,,,,4.87,4.98,4.92,5.09,5.15,4.98,4.50,4.47,4.17,4.43,4.19
Spain,Data source,Wine,,,,1.97,2.09,2.23,2.56,3.20,3.44,3.80,3.74,3.95,3.86,4.12
Spain,Data source,Spirits,,,,2.76,2.73,2.88,3.18,3.28,3.27,1.49,1.38,1.17,2.81,2.81
Spain,Data source,Other alcoholic beverages,,,,0.18,0.19,0.21,0.22,0.23,0.23,0.65,0.64,0.58,0.00,0.00
Sri Lanka,Data source,All types,3.06,3.25,No data,2.31,2.05,2.10,2.29,1.96,1.97,1.60,1.71,1.64,1.70,1.46
Sri Lanka,Data source,Beer,0.38,0.39,No data,0.30,0.20,0.20,0.20,0.20,0.30,0.17,0.15,0.15,0.10,0.10
Sri Lanka,Data source,Wine,0.04,0.04,No data,0.00,0.00,0.00,0.00,0.00,0.00,0.00,0.01,0.00,0.00,0.01
Sri Lanka,Data source,Spirits,2.54,2.75,No data,1.97,1.81,1.86,2.05,1.72,1.63,1.42,1.55,1.48,1.60,1.35
Sri Lanka,Data source,Other alcoholic beverages,0.09,0.07,No data,0.04,0.04,0.04,0.04,0.04,0.04,0.00,0.00,0.00,0.00,0.00
Sudan,Data source,All types,,,,1.73,1.63,1.65,1.65,1.56,1.55,1.59,1.74,1.59,1.81,1.76
Sudan,Data source,Beer,,,,0.14,0.07,0.10,0.07,0.01,0.00,0.00,0.00,0.00,0.00,0.00
Sudan,Data source,Wine,,,,0.00,0.00,0.00,0.00,0.00,0.00,0.00,0.00,0.00,0.00,0.00
Sudan,Data source,Spirits,,,,0.23,0.22,0.21,0.24,0.24,0.27,0.27,0.31,0.35,0.27,0.26
Sudan,Data source,Other alcoholic beverages,,,,1.36,1.34,1.33,1.34,1.31,1.28,1.32,1.43,1.24,1.54,1.50
Suriname,Data source,All types,,,5.76,5.70,5.67,5.52,5.27,5.05,4.96,5.05,4.95,4.82,4.62,4.68
Suriname,Data source,Beer,,,2.01,2.28,2.23,2.12,1.90,1.82,1.68,1.80,1.81,1.83,1.88,1.82
Suriname,Data source,Wine,,,0.16,0.13,0.32,0.25,0.18,0.11,0.13,0.08,0.10,0.09,0.08,0.05
Suriname,Data source,Spirits,,,3.59,3.26,3.10,3.12,3.17,3.09,3.13,3.16,3.04,2.89,2.66,2.80
Suriname,Data source,Other alcoholic beverages,,,0.00,0.03,0.02,0.02,0.02,0.02,0.02,0.01,0.01,0.01,0.01,0.02
Swaziland,Data source,All types,,,,5.05,4.94,4.82,5.40,5.33,4.99,5.70,5.57,5.46,6.67,7.15
Swaziland,Data source,Beer,,,,1.70,1.59,1.47,1.53,1.57,1.64,1.56,1.58,1.53,1.53,1.78
Swaziland,Data source,Wine,,,,0.04,0.04,0.02,0.04,0.01,0.02,0.02,0.05,0.16,0.26,0.61
Swaziland,Data source,Spirits,,,,0.03,0.03,0.02,0.39,0.48,0.15,0.89,0.42,0.03,0.46,0.08
Swaziland,Data source,Other alcoholic beverages,,,,3.28,3.28,3.31,3.43,3.27,3.19,3.22,3.52,3.74,4.43,4.68
Sweden,Data source,All types,,,7.40,7.30,7.30,6.90,6.90,6.50,6.50,6.60,6.90,6.90,6.60,6.20
Sweden,Data source,Beer,,,2.70,2.70,2.70,2.60,2.60,2.50,2.60,2.60,2.80,2.70,2.70,2.70
Sweden,Data source,Wine,,,3.60,3.40,3.30,3.10,3.10,2.90,2.90,2.80,2.90,2.80,2.50,2.20
Sweden,Data source,Spirits,,,1.10,1.10,1.20,1.10,1.10,1.00,1.00,1.20,1.20,1.40,1.40,1.30
Sweden,Data source,Other alcoholic beverages,,,0.00,0.10,0.10,0.10,0.10,0.10,0.00,0.00,0.00,0.00,0.00,0.00
Switzerland,Data source,All types,9.66,9.79,9.92,10.04,10.19,10.34,10.50,10.29,10.21,10.59,10.86,10.88,11.14,11.28
Switzerland,Data source,Beer,3.14,3.15,3.15,3.19,3.32,3.33,3.34,3.23,3.12,3.25,3.38,3.26,3.39,3.40
Switzerland,Data source,Wine,4.65,4.66,4.78,4.96,4.86,4.99,5.13,5.03,5.16,5.30,5.43,5.56,5.69,5.82
Switzerland,Data source,Spirits,1.74,1.86,1.87,1.77,1.90,1.90,1.91,1.92,1.80,1.93,1.93,1.93,1.94,1.94
Switzerland,Data source,Other alcoholic beverages,0.12,0.12,0.12,0.12,0.12,0.12,0.12,0.12,0.12,0.12,0.12,0.12,0.12,0.12
Syrian Arab Republic,Data source,All types,,,,0.98,0.97,0.97,0.95,1.06,1.07,1.14,1.24,1.21,1.27,1.40
Syrian Arab Republic,Data source,Beer,,,,0.08,0.07,0.11,0.08,0.07,0.06,0.08,0.04,0.05,0.06,0.05
Syrian Arab Republic,Data source,Wine,,,,0.27,0.27,0.21,0.21,0.33,0.32,0.32,0.42,0.34,0.33,0.47
Syrian Arab Republic,Data source,Spirits,,,,0.62,0.63,0.65,0.65,0.66,0.69,0.74,0.78,0.82,0.88,0.88
Syrian Arab Republic,Data source,Other alcoholic beverages,,,,0.00,0.00,0.00,0.00,0.00,0.00,0.00,0.00,0.00,0.00,0.00
Tajikistan,Data source,All types,,,,,0.32,0.34,0.37,0.39,0.39,0.39,0.38,0.61,0.87,0.37
Tajikistan,Data source,Beer,,,,,0.03,0.04,0.08,0.10,0.08,0.03,0.01,0.02,0.01,0.01
Tajikistan,Data source,Wine,,,,,0.00,0.00,0.01,0.00,0.02,0.05,0.08,0.20,0.18,0.12
Tajikistan,Data source,Spirits,,,,,0.28,0.29,0.29,0.29,0.29,0.31,0.28,0.39,0.67,0.24
Tajikistan,Data source,Other alcoholic beverages,,,,,No data,No data,No data,No data,No data,No data,No data,No data,No data,No data
Thailand,Data source,All types,,,5.99,6.16,6.08,6.90,6.83,6.70,6.42,5.80,5.95,5.72,5.75,5.40
Thailand,Data source,Beer,,,1.53,1.66,1.72,2.35,2.28,2.15,1.87,1.53,1.51,1.20,1.16,1.09
Thailand,Data source,Wine,,,0.02,0.03,0.02,0.05,0.05,0.05,0.05,0.04,0.03,0.03,0.01,0.02
Thailand,Data source,Spirits,,,4.44,4.47,4.34,4.50,4.50,4.50,4.50,4.23,4.41,4.50,4.58,4.29
Thailand,Data source,Other alcoholic beverages,,,0.00,0.00,0.00,0.00,0.00,0.00,0.00,0.00,0.00,0.00,0.00,0.00
The former Yugoslav republic of Macedonia,Data source,All types,,,,,3.96,3.74,3.54,3.37,3.95,5.60,5.42,3.81,4.47,5.03
The former Yugoslav republic of Macedonia,Data source,Beer,,,,,1.87,2.03,1.76,1.88,1.97,2.01,1.93,1.84,1.83,1.95
The former Yugoslav republic of Macedonia,Data source,Wine,,,,,1.58,1.27,1.05,1.10,1.60,1.59,1.52,0.78,1.01,1.04
The former Yugoslav republic of Macedonia,Data source,Spirits,,,,,0.50,0.44,0.72,0.39,0.38,2.00,1.97,1.19,1.63,2.04
The former Yugoslav republic of Macedonia,Data source,Other alcoholic beverages,,,,,0.00,0.00,0.01,0.00,0.00,0.00,0.00,0.00,0.00,0.00
Timor-Leste,Data source,All types,,,,,0.08,0.05,0.04,0.03,0.31,0.35,0.41,0.47,0.50,0.52
Timor-Leste,Data source,Beer,,,,,0.01,0.01,0.00,0.01,0.30,0.32,0.35,0.40,0.42,0.44
Timor-Leste,Data source,Wine,,,,,0.06,0.04,0.03,0.02,0.01,0.02,0.03,0.03,0.03,0.03
Timor-Leste,Data source,Spirits,,,,,0.01,0.01,0.01,0.01,0.00,0.01,0.04,0.04,0.05,0.05
Timor-Leste,Data source,Other alcoholic beverages,,,,,0.00,0.00,0.00,0.00,0.00,0.00,0.00,0.00,0.00,0.00
Togo,Data source,All types,,,,1.13,1.12,1.67,1.26,1.33,1.09,0.97,0.97,0.96,0.91,1.05
Togo,Data source,Beer,,,,0.55,0.60,0.59,0.53,0.45,0.43,0.42,0.42,0.40,0.39,0.41
Togo,Data source,Wine,,,,0.31,0.25,0.33,0.39,0.42,0.32,0.33,0.26,0.21,0.20,0.10
Togo,Data source,Spirits,,,,0.03,0.03,0.49,0.06,0.17,0.06,0.04,0.02,0.04,0.06,0.24
Togo,Data source,Other alcoholic beverages,,,,0.25,0.25,0.26,0.29,0.29,0.28,0.18,0.27,0.31,0.26,0.30
Tonga,Data source,All types,,,,1.05,1.10,1.10,2.08,1.80,1.58,1.80,1.79,1.51,1.59,1.57
Tonga,Data source,Beer,,,,0.61,0.62,0.62,0.87,0.88,0.89,0.89,0.90,0.90,0.90,0.99
Tonga,Data source,Wine,,,,0.08,0.12,0.11,0.16,0.09,0.27,0.30,0.22,0.08,0.10,0.12
Tonga,Data source,Spirits,,,,0.36,0.36,0.36,1.02,0.83,0.41,0.43,0.55,0.51,0.59,0.46
Tonga,Data source,Other alcoholic beverages,,,,0.00,0.00,0.00,0.03,0.00,0.00,0.18,0.13,0.02,0.00,0.00
Trinidad and Tobago,Data source,All types,,,6.35,6.44,6.32,6.40,6.34,6.37,6.07,5.78,5.43,5.03,4.47,4.62
Trinidad and Tobago,Data source,Beer,,,3.41,3.48,3.28,3.22,3.15,3.16,3.10,2.91,2.73,2.49,2.02,2.10
Trinidad and Tobago,Data source,Wine,,,0.13,0.13,0.12,0.20,0.14,0.17,0.13,0.13,0.11,0.07,0.06,0.09
Trinidad and Tobago,Data source,Spirits,,,2.80,2.82,2.89,2.95,3.01,3.01,2.81,2.72,2.57,2.45,2.38,2.43
Trinidad and Tobago,Data source,Other alcoholic beverages,,,0.01,0.02,0.02,0.03,0.03,0.03,0.03,0.03,0.02,0.01,0.01,0.01
Tunisia,Data source,All types,,,1.21,1.26,1.34,1.28,1.30,1.32,1.23,1.22,1.10,1.17,1.19,1.22
Tunisia,Data source,Beer,,,0.80,0.86,0.95,0.93,0.92,0.88,0.85,0.82,0.70,0.79,0.76,0.80
Tunisia,Data source,Wine,,,0.37,0.35,0.35,0.31,0.33,0.39,0.34,0.35,0.36,0.35,0.39,0.38
Tunisia,Data source,Spirits,,,0.00,0.05,0.04,0.04,0.05,0.05,0.04,0.04,0.04,0.04,0.04,0.04
Tunisia,Data source,Other alcoholic beverages,,,0.04,0.00,0.00,0.00,0.00,0.00,0.00,0.00,0.00,0.00,0.00,0.00
Turkey,Data source,All types,,1.51,1.50,1.49,1.40,1.39,1.26,1.29,1.29,1.35,1.42,1.47,1.48,1.54
Turkey,Data source,Beer,,0.88,0.83,0.86,0.84,0.85,0.79,0.76,0.77,0.81,0.79,0.77,0.74,0.76
Turkey,Data source,Wine,,0.12,0.13,0.13,0.10,0.08,0.05,0.05,0.06,0.07,0.04,0.04,0.05,0.05
Turkey,Data source,Spirits,,0.50,0.54,0.50,0.47,0.46,0.42,0.47,0.46,0.47,0.59,0.66,0.69,0.73
Turkey,Data source,Other alcoholic beverages,,0.00,0.00,0.00,0.00,0.00,0.00,0.00,0.00,0.00,0.00,0.00,0.00,0.00
Turkmenistan,Data source,All types,,,2.42,2.17,2.05,2.23,2.32,2.33,2.33,2.32,2.34,2.30,2.34,2.90
Turkmenistan,Data source,Beer,,,0.43,0.34,0.24,0.21,0.29,0.26,0.22,0.18,0.17,0.09,0.08,0.08
Turkmenistan,Data source,Wine,,,0.73,0.57,0.57,0.83,0.84,0.87,0.90,0.92,0.94,0.97,0.98,1.52
Turkmenistan,Data source,Spirits,,,1.26,1.27,1.23,1.19,1.19,1.20,1.22,1.22,1.23,1.25,1.27,1.30
Turkmenistan,Data source,Other alcoholic beverages,,,0.00,0.00,0.00,0.00,0.00,0.00,0.00,0.00,0.00,0.00,0.00,0.00
Tuvalu,Data source,All types,,,,,,1.00,0.55,1.27,0.94,1.83,1.42,0.54,1.98,1.15
Tuvalu,Data source,Beer,,,,,,0.10,0.03,0.79,0.54,0.04,0.10,0.29,1.07,0.85
Tuvalu,Data source,Wine,,,,,,0.15,0.07,0.14,0.17,0.04,0.07,0.13,0.18,0.06
Tuvalu,Data source,Spirits,,,,,,0.74,0.46,0.34,0.23,1.75,1.24,0.12,0.73,0.25
Tuvalu,Data source,Other alcoholic beverages,,,,,,No data,No data,No data,No data,No data,No data,No data,No data,No data
Uganda,Data source,All types,,,,8.33,8.18,8.36,8.53,8.68,8.25,8.99,9.32,9.74,9.92,10.26
Uganda,Data source,Beer,,,,0.78,0.63,0.52,0.56,0.54,0.49,0.42,0.42,0.43,0.48,0.55
Uganda,Data source,Wine,,,,0.01,0.01,0.00,0.00,0.00,0.00,0.01,0.00,0.00,0.00,0.00
Uganda,Data source,Spirits,,,,0.16,0.16,0.16,0.17,0.18,0.18,0.20,0.18,0.19,0.19,0.20
Uganda,Data source,Other alcoholic beverages,,,,7.38,7.38,7.67,7.79,7.96,7.57,8.36,8.72,9.12,9.24,9.51
Ukraine,Data source,All types,,,,8.44,8.75,9.50,8.90,8.01,7.32,7.02,5.93,4.90,4.32,4.50
Ukraine,Data source,Beer,,,,3.41,3.36,3.61,3.59,3.03,2.69,2.41,1.96,1.75,1.52,1.29
Ukraine,Data source,Wine,,,,0.76,0.86,0.83,0.77,0.68,0.63,0.55,0.68,0.70,0.47,0.36
Ukraine,Data source,Spirits,,,,4.05,4.30,4.79,4.31,4.09,3.83,4.06,3.29,2.45,2.33,2.85
Ukraine,Data source,Other alcoholic beverages,,,,0.22,0.23,0.27,0.22,0.21,0.18,0.00,0.00,0.00,0.00,0.00
United Arab Emirates,Data source,All types,,,4.56,4.54,4.35,4.14,3.51,3.18,2.98,2.30,2.21,2.14,2.15,2.18
United Arab Emirates,Data source,Beer,,,0.75,0.75,0.76,0.83,0.83,0.82,0.87,0.89,0.92,0.94,0.94,0.97
United Arab Emirates,Data source,Wine,,,0.21,0.21,0.20,0.20,0.18,0.16,0.15,0.15,0.12,0.12,0.12,0.12
United Arab Emirates,Data source,Spirits,,,3.40,3.37,3.19,2.90,2.32,2.04,1.80,1.11,1.05,0.97,0.98,0.97
United Arab Emirates,Data source,Other alcoholic beverages,,,0.21,0.21,0.20,0.20,0.18,0.16,0.15,0.15,0.12,0.12,0.12,0.12
United Kingdom of Great Britain and Northern Ireland,Data source,All types,,9.65,10.25,10.50,10.76,10.65,11.47,11.34,11.48,11.73,11.61,11.39,11.04,10.51
United Kingdom of Great Britain and Northern Ireland,Data source,Beer,,3.34,3.69,3.84,3.91,4.16,4.48,4.75,4.93,5.13,5.31,5.24,5.17,5.01
United Kingdom of Great Britain and Northern Ireland,Data source,Wine,,3.32,3.43,3.44,3.53,3.45,3.75,3.43,3.47,3.44,3.14,3.09,3.17,2.86
United Kingdom of Great Britain and Northern Ireland,Data source,Spirits,,2.13,2.21,2.27,2.32,2.20,2.40,2.35,2.41,2.52,2.53,2.44,2.07,2.00
United Kingdom of Great Britain and Northern Ireland,Data source,Other alcoholic beverages,,0.86,0.92,0.95,1.00,0.84,0.84,0.81,0.67,0.64,0.63,0.62,0.63,0.64
United Republic of Tanzania,Data source,All types,,,,6.20,6.00,4.96,6.50,6.37,5.27,5.23,3.75,5.22,5.37,5.22
United Republic of Tanzania,Data source,Beer,,,,0.68,0.70,0.77,0.78,0.65,0.57,0.51,0.50,0.46,0.49,0.51
United Republic of Tanzania,Data source,Wine,,,,0.01,0.02,0.01,0.01,0.01,0.01,0.01,0.01,0.01,0.00,0.00
United Republic of Tanzania,Data source,Spirits,,,,0.11,0.25,0.21,0.18,0.18,0.15,0.12,0.09,0.11,0.09,0.10
United Republic of Tanzania,Data source,Other alcoholic beverages,,,,5.39,5.03,3.97,5.52,5.52,4.55,4.59,3.16,4.64,4.78,4.61
United States of America,Data source,All types,,8.82,8.63,8.55,8.67,8.74,8.74,8.63,8.52,8.48,8.40,8.36,8.25,8.21
United States of America,Data source,Beer,,4.28,4.24,4.28,4.43,4.54,4.54,4.54,4.50,4.58,4.58,4.66,4.66,4.62
United States of America,Data source,Wine,,1.59,1.51,1.48,1.44,1.44,1.44,1.40,1.36,1.32,1.29,1.25,1.17,1.17
United States of America,Data source,Spirits,,2.95,2.88,2.80,2.80,2.76,2.76,2.69,2.65,2.57,2.54,2.46,2.42,2.42
United States of America,Data source,Other alcoholic beverages,,No data,No data,No data,No data,No data,No data,No data,No data,No data,No data,No data,No data,0.00
Uruguay,Data source,All types,,,,6.21,6.67,6.76,6.67,6.58,6.35,6.37,5.60,6.14,7.42,7.60
Uruguay,Data source,Beer,,,,1.90,1.88,1.86,1.61,1.49,1.35,1.19,0.91,1.06,1.36,1.50
Uruguay,Data source,Wine,,,,3.72,3.85,3.97,4.15,4.19,4.23,4.03,3.59,3.89,4.70,4.53
Uruguay,Data source,Spirits,,,,0.59,0.94,0.93,0.91,0.90,0.77,1.15,1.10,1.19,1.35,1.55
Uruguay,Data source,Other alcoholic beverages,,,,0.00,0.00,0.00,0.00,0.00,0.00,0.00,0.00,0.00,0.00,0.01
Uzbekistan,Data source,All types,,,,,2.54,2.25,2.09,1.92,1.77,1.64,1.52,1.47,1.53,1.62
Uzbekistan,Data source,Beer,,,,,0.46,0.32,0.29,0.32,0.28,0.24,0.24,0.26,0.20,0.25
Uzbekistan,Data source,Wine,,,,,0.16,0.15,0.19,0.18,0.20,0.36,0.34,0.24,0.33,0.39
Uzbekistan,Data source,Spirits,,,,,1.91,1.78,1.61,1.41,1.30,1.04,0.94,0.96,1.00,0.99
Uzbekistan,Data source,Other alcoholic beverages,,,,,No data,No data,No data,No data,No data,No data,No data,No data,No data,No data
Vanuatu,Data source,All types,,,,0.81,0.83,0.92,0.99,0.85,0.86,0.83,1.18,1.23,0.90,1.30
Vanuatu,Data source,Beer,,,,0.33,0.31,0.32,0.43,0.45,0.46,0.48,0.50,0.51,0.40,0.55
Vanuatu,Data source,Wine,,,,0.19,0.23,0.28,0.17,0.18,0.21,0.16,0.18,0.19,0.16,0.24
Vanuatu,Data source,Spirits,,,,0.30,0.30,0.33,0.38,0.23,0.19,0.19,0.51,0.53,0.34,0.51
Vanuatu,Data source,Other alcoholic beverages,,,,0.00,0.00,0.00,0.00,0.00,0.00,0.00,0.00,0.00,0.00,0.00
Venezuela (Bolivarian Republic of),Data source,All types,,,6.54,7.17,7.58,8.21,8.74,8.26,7.91,7.55,6.30,6.89,8.04,8.03
Venezuela (Bolivarian Republic of),Data source,Beer,,,4.92,5.43,5.76,6.34,6.83,6.35,6.15,5.93,4.39,5.15,6.00,5.60
Venezuela (Bolivarian Republic of),Data source,Wine,,,0.02,0.06,0.10,0.13,0.15,0.14,0.11,0.07,0.04,0.06,0.11,0.11
Venezuela (Bolivarian Republic of),Data source,Spirits,,,1.58,1.68,1.71,1.74,1.75,1.76,1.65,1.55,1.87,1.68,1.94,2.32
Venezuela (Bolivarian Republic of),Data source,Other alcoholic beverages,,,0.01,0.01,0.01,0.01,0.01,0.01,0.00,0.00,0.00,0.00,0.00,0.00
Viet Nam,Data source,All types,,,2.41,2.21,1.97,1.75,1.55,1.40,1.26,1.18,0.99,0.81,0.75,0.70
Viet Nam,Data source,Beer,,,2.28,2.15,1.91,1.70,1.50,1.36,1.23,1.15,0.97,0.79,0.73,0.68
Viet Nam,Data source,Wine,,,0.02,0.01,0.01,0.01,0.01,0.01,0.01,0.01,0.01,0.00,0.00,0.00
Viet Nam,Data source,Spirits,,,0.11,0.05,0.04,0.04,0.03,0.03,0.03,0.02,0.02,0.02,0.02,0.02
Viet Nam,Data source,Other alcoholic beverages,,,0.00,No data,No data,No data,No data,No data,No data,No data,No data,No data,No data,No data
Yemen,Data source,All types,,,,0.05,0.03,0.04,0.05,0.04,0.04,0.06,0.04,0.07,0.08,0.07
Yemen,Data source,Beer,,,,0.05,0.03,0.04,0.04,0.04,0.03,0.05,0.04,0.06,0.08,0.07
Yemen,Data source,Wine,,,,0.00,0.00,0.00,0.00,0.00,0.00,0.00,0.00,0.00,0.00,0.00
Yemen,Data source,Spirits,,,,0.00,0.00,0.00,0.00,0.00,0.00,0.01,0.00,0.01,0.00,0.00
Yemen,Data source,Other alcoholic beverages,,,,0.00,0.00,0.00,0.00,0.00,0.00,0.00,0.00,0.00,0.00,0.00
Zambia,Data source,All types,,,,2.75,2.58,2.26,2.19,2.51,2.33,2.45,2.32,2.42,2.59,2.60
Zambia,Data source,Beer,,,,0.62,0.48,0.48,0.45,0.45,0.42,0.47,0.46,0.47,0.50,0.49
Zambia,Data source,Wine,,,,0.08,0.06,0.04,0.04,0.02,0.01,0.03,0.01,0.02,0.02,0.01
Zambia,Data source,Spirits,,,,0.37,0.35,0.26,0.29,0.29,0.27,0.27,0.25,0.26,0.24,0.20
Zambia,Data source,Other alcoholic beverages,,,,1.67,1.69,1.49,1.42,1.74,1.62,1.68,1.60,1.67,1.83,1.90
Zimbabwe,Data source,All types,,,,3.85,4.59,3.49,3.81,4.51,3.82,4.36,4.06,4.43,1.72,1.68
Zimbabwe,Data source,Beer,,,,0.53,1.09,1.47,0.88,1.09,0.96,1.14,0.88,1.16,0.74,0.67
Zimbabwe,Data source,Wine,,,,0.10,0.08,0.03,0.01,0.01,0.19,0.20,0.24,0.28,0.03,0.03
Zimbabwe,Data source,Spirits,,,,0.31,0.31,0.31,0.31,0.31,0.06,0.19,0.19,0.19,0.19,0.19
Zimbabwe,Data source,Other alcoholic beverages,,,,2.91,3.11,1.67,2.61,3.09,2.61,2.83,2.76,2.80,0.76,0.79